data_generacji,mieszkania_wojewodztwo,mieszkania_region,mieszkania_rok,mieszkania_ilosc
2025-01-19 13:20:20.661046+00:00,MAŁOPOLSKIE,wieś,2002,415447
2025-01-19 13:20:20.661046+00:00,ŚLĄSKIE,wieś,2002,293348
2025-01-19 13:20:20.661046+00:00,LUBUSKIE,wieś,2002,102445
2025-01-19 13:20:20.661046+00:00,WIELKOPOLSKIE,wieś,2002,364135
2025-01-19 13:20:20.661046+00:00,ZACHODNIOPOMORSKIE,wieś,2002,150645
2025-01-19 13:20:20.661046+00:00,DOLNOŚLĄSKIE,wieś,2002,245883
2025-01-19 13:20:20.661046+00:00,OPOLSKIE,wieś,2002,139558
2025-01-19 13:20:20.661046+00:00,KUJAWSKO-POMORSKIE,wieś,2002,209681
2025-01-19 13:20:20.662056+00:00,POMORSKIE,wieś,2002,180367
2025-01-19 13:20:20.662056+00:00,WARMIŃSKO-MAZURSKIE,wieś,2002,159645
2025-01-19 13:20:20.662056+00:00,ŁÓDZKIE,wieś,2002,277932
2025-01-19 13:20:20.662056+00:00,ŚWIĘTOKRZYSKIE,wieś,2002,200612
2025-01-19 13:20:20.662056+00:00,LUBELSKIE,wieś,2002,342762
2025-01-19 13:20:20.662056+00:00,PODKARPACKIE,wieś,2002,318772
2025-01-19 13:20:20.662056+00:00,PODLASKIE,wieś,2002,148210
2025-01-19 13:20:20.662056+00:00,MAZOWIECKIE,wieś,2002,529341
2025-01-19 13:20:22.776521+00:00,MAŁOPOLSKIE,wieś,2003,431603
2025-01-19 13:20:22.776521+00:00,ŚLĄSKIE,wieś,2003,299901
2025-01-19 13:20:22.776521+00:00,LUBUSKIE,wieś,2003,103595
2025-01-19 13:20:22.776521+00:00,WIELKOPOLSKIE,wieś,2003,369280
2025-01-19 13:20:22.776521+00:00,ZACHODNIOPOMORSKIE,wieś,2003,152021
2025-01-19 13:20:22.776521+00:00,DOLNOŚLĄSKIE,wieś,2003,249009
2025-01-19 13:20:22.776521+00:00,OPOLSKIE,wieś,2003,140752
2025-01-19 13:20:22.776521+00:00,KUJAWSKO-POMORSKIE,wieś,2003,212632
2025-01-19 13:20:22.776521+00:00,POMORSKIE,wieś,2003,185756
2025-01-19 13:20:22.776521+00:00,WARMIŃSKO-MAZURSKIE,wieś,2003,161230
2025-01-19 13:20:22.776521+00:00,ŁÓDZKIE,wieś,2003,282165
2025-01-19 13:20:22.776521+00:00,ŚWIĘTOKRZYSKIE,wieś,2003,203211
2025-01-19 13:20:22.776521+00:00,LUBELSKIE,wieś,2003,345087
2025-01-19 13:20:22.776521+00:00,PODKARPACKIE,wieś,2003,323874
2025-01-19 13:20:22.776521+00:00,PODLASKIE,wieś,2003,149242
2025-01-19 13:20:22.776521+00:00,MAZOWIECKIE,wieś,2003,536117
2025-01-19 13:20:24.871192+00:00,MAŁOPOLSKIE,wieś,2004,434584
2025-01-19 13:20:24.871192+00:00,ŚLĄSKIE,wieś,2004,302386
2025-01-19 13:20:24.871192+00:00,LUBUSKIE,wieś,2004,104244
2025-01-19 13:20:24.871192+00:00,WIELKOPOLSKIE,wieś,2004,372809
2025-01-19 13:20:24.871192+00:00,ZACHODNIOPOMORSKIE,wieś,2004,151992
2025-01-19 13:20:24.871192+00:00,DOLNOŚLĄSKIE,wieś,2004,250484
2025-01-19 13:20:24.871192+00:00,OPOLSKIE,wieś,2004,140417
2025-01-19 13:20:24.871192+00:00,KUJAWSKO-POMORSKIE,wieś,2004,213977
2025-01-19 13:20:24.871192+00:00,POMORSKIE,wieś,2004,187470
2025-01-19 13:20:24.871192+00:00,WARMIŃSKO-MAZURSKIE,wieś,2004,161932
2025-01-19 13:20:24.871192+00:00,ŁÓDZKIE,wieś,2004,283627
2025-01-19 13:20:24.871192+00:00,ŚWIĘTOKRZYSKIE,wieś,2004,204155
2025-01-19 13:20:24.871192+00:00,LUBELSKIE,wieś,2004,346484
2025-01-19 13:20:24.871192+00:00,PODKARPACKIE,wieś,2004,325680
2025-01-19 13:20:24.871192+00:00,PODLASKIE,wieś,2004,150002
2025-01-19 13:20:24.871192+00:00,MAZOWIECKIE,wieś,2004,540078
2025-01-19 13:20:26.957214+00:00,MAŁOPOLSKIE,miasto,2002,561585
2025-01-19 13:20:26.957214+00:00,ŚLĄSKIE,miasto,2002,1352664
2025-01-19 13:20:26.957214+00:00,LUBUSKIE,miasto,2002,222446
2025-01-19 13:20:26.957214+00:00,WIELKOPOLSKIE,miasto,2002,646604
2025-01-19 13:20:26.957214+00:00,ZACHODNIOPOMORSKIE,miasto,2002,410129
2025-01-19 13:20:26.957214+00:00,DOLNOŚLĄSKIE,miasto,2002,743665
2025-01-19 13:20:26.957214+00:00,OPOLSKIE,miasto,2002,189976
2025-01-19 13:20:26.957214+00:00,KUJAWSKO-POMORSKIE,miasto,2002,446640
2025-01-19 13:20:26.957214+00:00,POMORSKIE,miasto,2002,511377
2025-01-19 13:20:26.957214+00:00,WARMIŃSKO-MAZURSKIE,miasto,2002,286045
2025-01-19 13:20:26.957214+00:00,ŁÓDZKIE,miasto,2002,655426
2025-01-19 13:20:26.957214+00:00,ŚWIĘTOKRZYSKIE,miasto,2002,205673
2025-01-19 13:20:26.957214+00:00,LUBELSKIE,miasto,2002,344199
2025-01-19 13:20:26.957214+00:00,PODKARPACKIE,miasto,2002,267541
2025-01-19 13:20:26.957214+00:00,PODLASKIE,miasto,2002,241651
2025-01-19 13:20:26.957214+00:00,MAZOWIECKIE,miasto,2002,1273622
2025-01-19 13:20:29.073263+00:00,MAŁOPOLSKIE,miasto,2003,570472
2025-01-19 13:20:29.073263+00:00,ŚLĄSKIE,miasto,2003,1359750
2025-01-19 13:20:29.073263+00:00,LUBUSKIE,miasto,2003,225146
2025-01-19 13:20:29.073263+00:00,WIELKOPOLSKIE,miasto,2003,653984
2025-01-19 13:20:29.073263+00:00,ZACHODNIOPOMORSKIE,miasto,2003,414006
2025-01-19 13:20:29.073263+00:00,DOLNOŚLĄSKIE,miasto,2003,750640
2025-01-19 13:20:29.073263+00:00,OPOLSKIE,miasto,2003,191504
2025-01-19 13:20:29.073263+00:00,KUJAWSKO-POMORSKIE,miasto,2003,450281
2025-01-19 13:20:29.073263+00:00,POMORSKIE,miasto,2003,519554
2025-01-19 13:20:29.073263+00:00,WARMIŃSKO-MAZURSKIE,miasto,2003,289473
2025-01-19 13:20:29.073263+00:00,ŁÓDZKIE,miasto,2003,659190
2025-01-19 13:20:29.073263+00:00,ŚWIĘTOKRZYSKIE,miasto,2003,207409
2025-01-19 13:20:29.073263+00:00,LUBELSKIE,miasto,2003,347785
2025-01-19 13:20:29.073263+00:00,PODKARPACKIE,miasto,2003,271058
2025-01-19 13:20:29.073263+00:00,PODLASKIE,miasto,2003,244422
2025-01-19 13:20:29.073263+00:00,MAZOWIECKIE,miasto,2003,1295742
2025-01-19 13:20:31.182846+00:00,MAŁOPOLSKIE,miasto,2004,576285
2025-01-19 13:20:31.182846+00:00,ŚLĄSKIE,miasto,2004,1364934
2025-01-19 13:20:31.182846+00:00,LUBUSKIE,miasto,2004,226556
2025-01-19 13:20:31.182846+00:00,WIELKOPOLSKIE,miasto,2004,659919
2025-01-19 13:20:31.182846+00:00,ZACHODNIOPOMORSKIE,miasto,2004,418420
2025-01-19 13:20:31.182846+00:00,DOLNOŚLĄSKIE,miasto,2004,754045
2025-01-19 13:20:31.182846+00:00,OPOLSKIE,miasto,2004,192849
2025-01-19 13:20:31.182846+00:00,KUJAWSKO-POMORSKIE,miasto,2004,452795
2025-01-19 13:20:31.182846+00:00,POMORSKIE,miasto,2004,524895
2025-01-19 13:20:31.182846+00:00,WARMIŃSKO-MAZURSKIE,miasto,2004,292028
2025-01-19 13:20:31.182846+00:00,ŁÓDZKIE,miasto,2004,661269
2025-01-19 13:20:31.182846+00:00,ŚWIĘTOKRZYSKIE,miasto,2004,208421
2025-01-19 13:20:31.182846+00:00,LUBELSKIE,miasto,2004,349749
2025-01-19 13:20:31.182846+00:00,PODKARPACKIE,miasto,2004,272691
2025-01-19 13:20:31.182846+00:00,PODLASKIE,miasto,2004,246601
2025-01-19 13:20:31.182846+00:00,MAZOWIECKIE,miasto,2004,1311614
2025-01-19 13:25:45.012287+00:00,MAŁOPOLSKIE,wieś,2005,437736
2025-01-19 13:25:45.012287+00:00,ŚLĄSKIE,wieś,2005,304846
2025-01-19 13:25:45.012287+00:00,LUBUSKIE,wieś,2005,104986
2025-01-19 13:25:45.012287+00:00,WIELKOPOLSKIE,wieś,2005,376144
2025-01-19 13:25:45.012287+00:00,ZACHODNIOPOMORSKIE,wieś,2005,153317
2025-01-19 13:25:45.012287+00:00,DOLNOŚLĄSKIE,wieś,2005,250855
2025-01-19 13:25:45.012287+00:00,OPOLSKIE,wieś,2005,140721
2025-01-19 13:25:45.012287+00:00,KUJAWSKO-POMORSKIE,wieś,2005,215419
2025-01-19 13:25:45.012287+00:00,POMORSKIE,wieś,2005,188869
2025-01-19 13:25:45.012287+00:00,WARMIŃSKO-MAZURSKIE,wieś,2005,162880
2025-01-19 13:25:45.012287+00:00,ŁÓDZKIE,wieś,2005,284791
2025-01-19 13:25:45.012287+00:00,ŚWIĘTOKRZYSKIE,wieś,2005,204782
2025-01-19 13:25:45.012287+00:00,LUBELSKIE,wieś,2005,348089
2025-01-19 13:25:45.012287+00:00,PODKARPACKIE,wieś,2005,327360
2025-01-19 13:25:45.012287+00:00,PODLASKIE,wieś,2005,150804
2025-01-19 13:25:45.012287+00:00,MAZOWIECKIE,wieś,2005,544336
2025-01-19 13:25:47.183315+00:00,MAŁOPOLSKIE,wieś,2006,440474
2025-01-19 13:25:47.183315+00:00,ŚLĄSKIE,wieś,2006,307031
2025-01-19 13:25:47.183315+00:00,LUBUSKIE,wieś,2006,105712
2025-01-19 13:25:47.183315+00:00,WIELKOPOLSKIE,wieś,2006,379550
2025-01-19 13:25:47.183315+00:00,ZACHODNIOPOMORSKIE,wieś,2006,154600
2025-01-19 13:25:47.183315+00:00,DOLNOŚLĄSKIE,wieś,2006,252811
2025-01-19 13:25:47.183315+00:00,OPOLSKIE,wieś,2006,141144
2025-01-19 13:25:47.183315+00:00,KUJAWSKO-POMORSKIE,wieś,2006,216961
2025-01-19 13:25:47.183315+00:00,POMORSKIE,wieś,2006,190524
2025-01-19 13:25:47.183315+00:00,WARMIŃSKO-MAZURSKIE,wieś,2006,163884
2025-01-19 13:25:47.183315+00:00,ŁÓDZKIE,wieś,2006,284995
2025-01-19 13:25:47.183315+00:00,ŚWIĘTOKRZYSKIE,wieś,2006,205434
2025-01-19 13:25:47.183315+00:00,LUBELSKIE,wieś,2006,349713
2025-01-19 13:25:47.183315+00:00,PODKARPACKIE,wieś,2006,327947
2025-01-19 13:25:47.183315+00:00,PODLASKIE,wieś,2006,150628
2025-01-19 13:25:47.183315+00:00,MAZOWIECKIE,wieś,2006,549316
2025-01-19 13:25:49.435044+00:00,MAŁOPOLSKIE,wieś,2007,443923
2025-01-19 13:25:49.435044+00:00,ŚLĄSKIE,wieś,2007,310258
2025-01-19 13:25:49.435044+00:00,LUBUSKIE,wieś,2007,106597
2025-01-19 13:25:49.435044+00:00,WIELKOPOLSKIE,wieś,2007,383973
2025-01-19 13:25:49.435044+00:00,ZACHODNIOPOMORSKIE,wieś,2007,156222
2025-01-19 13:25:49.435044+00:00,DOLNOŚLĄSKIE,wieś,2007,255057
2025-01-19 13:25:49.435044+00:00,OPOLSKIE,wieś,2007,141823
2025-01-19 13:25:49.435044+00:00,KUJAWSKO-POMORSKIE,wieś,2007,218514
2025-01-19 13:25:49.435044+00:00,POMORSKIE,wieś,2007,192914
2025-01-19 13:25:49.435044+00:00,WARMIŃSKO-MAZURSKIE,wieś,2007,165025
2025-01-19 13:25:49.435044+00:00,ŁÓDZKIE,wieś,2007,287091
2025-01-19 13:25:49.435044+00:00,ŚWIĘTOKRZYSKIE,wieś,2007,205443
2025-01-19 13:25:49.435044+00:00,LUBELSKIE,wieś,2007,351877
2025-01-19 13:25:49.435044+00:00,PODKARPACKIE,wieś,2007,329735
2025-01-19 13:25:49.435044+00:00,PODLASKIE,wieś,2007,151532
2025-01-19 13:25:49.435044+00:00,MAZOWIECKIE,wieś,2007,555202
2025-01-19 13:25:51.602957+00:00,MAŁOPOLSKIE,wieś,2008,449859
2025-01-19 13:25:51.602957+00:00,ŚLĄSKIE,wieś,2008,314037
2025-01-19 13:25:51.602957+00:00,LUBUSKIE,wieś,2008,107869
2025-01-19 13:25:51.602957+00:00,WIELKOPOLSKIE,wieś,2008,390821
2025-01-19 13:25:51.602957+00:00,ZACHODNIOPOMORSKIE,wieś,2008,157914
2025-01-19 13:25:51.602957+00:00,DOLNOŚLĄSKIE,wieś,2008,258966
2025-01-19 13:25:51.602957+00:00,OPOLSKIE,wieś,2008,142736
2025-01-19 13:25:51.602957+00:00,KUJAWSKO-POMORSKIE,wieś,2008,221251
2025-01-19 13:25:51.602957+00:00,POMORSKIE,wieś,2008,196212
2025-01-19 13:25:51.602957+00:00,WARMIŃSKO-MAZURSKIE,wieś,2008,166977
2025-01-19 13:25:51.602957+00:00,ŁÓDZKIE,wieś,2008,289614
2025-01-19 13:25:51.602957+00:00,ŚWIĘTOKRZYSKIE,wieś,2008,206767
2025-01-19 13:25:51.602957+00:00,LUBELSKIE,wieś,2008,354673
2025-01-19 13:25:51.602957+00:00,PODKARPACKIE,wieś,2008,329445
2025-01-19 13:25:51.602957+00:00,PODLASKIE,wieś,2008,153009
2025-01-19 13:25:51.602957+00:00,MAZOWIECKIE,wieś,2008,563417
2025-01-19 13:25:53.773032+00:00,MAŁOPOLSKIE,wieś,2009,453314
2025-01-19 13:25:53.773032+00:00,ŚLĄSKIE,wieś,2009,316889
2025-01-19 13:25:53.773032+00:00,LUBUSKIE,wieś,2009,109126
2025-01-19 13:25:53.773032+00:00,WIELKOPOLSKIE,wieś,2009,396547
2025-01-19 13:25:53.773032+00:00,ZACHODNIOPOMORSKIE,wieś,2009,159913
2025-01-19 13:25:53.773032+00:00,DOLNOŚLĄSKIE,wieś,2009,262819
2025-01-19 13:25:53.773032+00:00,OPOLSKIE,wieś,2009,143310
2025-01-19 13:25:53.773032+00:00,KUJAWSKO-POMORSKIE,wieś,2009,223781
2025-01-19 13:25:53.773032+00:00,POMORSKIE,wieś,2009,200138
2025-01-19 13:25:53.773032+00:00,WARMIŃSKO-MAZURSKIE,wieś,2009,168596
2025-01-19 13:25:53.773032+00:00,ŁÓDZKIE,wieś,2009,291692
2025-01-19 13:25:53.773032+00:00,ŚWIĘTOKRZYSKIE,wieś,2009,207575
2025-01-19 13:25:53.773032+00:00,LUBELSKIE,wieś,2009,356827
2025-01-19 13:25:53.773032+00:00,PODKARPACKIE,wieś,2009,330304
2025-01-19 13:25:53.773032+00:00,PODLASKIE,wieś,2009,151612
2025-01-19 13:25:53.773032+00:00,MAZOWIECKIE,wieś,2009,570825
2025-01-19 13:25:56.048079+00:00,MAŁOPOLSKIE,wieś,2010,448307
2025-01-19 13:25:56.048079+00:00,ŚLĄSKIE,wieś,2010,305122
2025-01-19 13:25:56.048079+00:00,LUBUSKIE,wieś,2010,110093
2025-01-19 13:25:56.048079+00:00,WIELKOPOLSKIE,wieś,2010,407576
2025-01-19 13:25:56.048079+00:00,ZACHODNIOPOMORSKIE,wieś,2010,162352
2025-01-19 13:25:56.048079+00:00,DOLNOŚLĄSKIE,wieś,2010,267918
2025-01-19 13:25:56.048079+00:00,OPOLSKIE,wieś,2010,144130
2025-01-19 13:25:56.048079+00:00,KUJAWSKO-POMORSKIE,wieś,2010,226095
2025-01-19 13:25:56.048079+00:00,POMORSKIE,wieś,2010,204260
2025-01-19 13:25:56.048079+00:00,WARMIŃSKO-MAZURSKIE,wieś,2010,169952
2025-01-19 13:25:56.048079+00:00,ŁÓDZKIE,wieś,2010,292941
2025-01-19 13:25:56.048079+00:00,ŚWIĘTOKRZYSKIE,wieś,2010,210283
2025-01-19 13:25:56.048079+00:00,LUBELSKIE,wieś,2010,363367
2025-01-19 13:25:56.048079+00:00,PODKARPACKIE,wieś,2010,325322
2025-01-19 13:25:56.048079+00:00,PODLASKIE,wieś,2010,156303
2025-01-19 13:25:56.048079+00:00,MAZOWIECKIE,wieś,2010,588625
2025-01-19 13:25:58.314036+00:00,MAŁOPOLSKIE,wieś,2011,452823
2025-01-19 13:25:58.314036+00:00,ŚLĄSKIE,wieś,2011,308016
2025-01-19 13:25:58.314036+00:00,LUBUSKIE,wieś,2011,111156
2025-01-19 13:25:58.314036+00:00,WIELKOPOLSKIE,wieś,2011,413803
2025-01-19 13:25:58.314036+00:00,ZACHODNIOPOMORSKIE,wieś,2011,163341
2025-01-19 13:25:58.314036+00:00,DOLNOŚLĄSKIE,wieś,2011,270877
2025-01-19 13:25:58.314036+00:00,OPOLSKIE,wieś,2011,144795
2025-01-19 13:25:58.314036+00:00,KUJAWSKO-POMORSKIE,wieś,2011,228417
2025-01-19 13:25:58.314036+00:00,POMORSKIE,wieś,2011,207534
2025-01-19 13:25:58.314036+00:00,WARMIŃSKO-MAZURSKIE,wieś,2011,171465
2025-01-19 13:25:58.314036+00:00,ŁÓDZKIE,wieś,2011,294219
2025-01-19 13:25:58.314036+00:00,ŚWIĘTOKRZYSKIE,wieś,2011,211427
2025-01-19 13:25:58.314036+00:00,LUBELSKIE,wieś,2011,365870
2025-01-19 13:25:58.314036+00:00,PODKARPACKIE,wieś,2011,326889
2025-01-19 13:25:58.314036+00:00,PODLASKIE,wieś,2011,156629
2025-01-19 13:25:58.314036+00:00,MAZOWIECKIE,wieś,2011,595021
2025-01-19 13:26:00.464655+00:00,MAŁOPOLSKIE,wieś,2012,458276
2025-01-19 13:26:00.464655+00:00,ŚLĄSKIE,wieś,2012,310897
2025-01-19 13:26:00.464655+00:00,LUBUSKIE,wieś,2012,112291
2025-01-19 13:26:00.464655+00:00,WIELKOPOLSKIE,wieś,2012,420309
2025-01-19 13:26:00.464655+00:00,ZACHODNIOPOMORSKIE,wieś,2012,165229
2025-01-19 13:26:00.464655+00:00,DOLNOŚLĄSKIE,wieś,2012,274438
2025-01-19 13:26:00.464655+00:00,OPOLSKIE,wieś,2012,145540
2025-01-19 13:26:00.464655+00:00,KUJAWSKO-POMORSKIE,wieś,2012,231032
2025-01-19 13:26:00.464655+00:00,POMORSKIE,wieś,2012,211291
2025-01-19 13:26:00.464655+00:00,WARMIŃSKO-MAZURSKIE,wieś,2012,173294
2025-01-19 13:26:00.464655+00:00,ŁÓDZKIE,wieś,2012,296535
2025-01-19 13:26:00.464655+00:00,ŚWIĘTOKRZYSKIE,wieś,2012,212601
2025-01-19 13:26:00.464655+00:00,LUBELSKIE,wieś,2012,368249
2025-01-19 13:26:00.464655+00:00,PODKARPACKIE,wieś,2012,329592
2025-01-19 13:26:00.464655+00:00,PODLASKIE,wieś,2012,157883
2025-01-19 13:26:00.464655+00:00,MAZOWIECKIE,wieś,2012,601788
2025-01-19 13:26:02.760945+00:00,MAŁOPOLSKIE,wieś,2013,463776
2025-01-19 13:26:02.760945+00:00,ŚLĄSKIE,wieś,2013,314236
2025-01-19 13:26:02.760945+00:00,LUBUSKIE,wieś,2013,113240
2025-01-19 13:26:02.760945+00:00,WIELKOPOLSKIE,wieś,2013,426459
2025-01-19 13:26:02.760945+00:00,ZACHODNIOPOMORSKIE,wieś,2013,166999
2025-01-19 13:26:02.760945+00:00,DOLNOŚLĄSKIE,wieś,2013,278490
2025-01-19 13:26:02.760945+00:00,OPOLSKIE,wieś,2013,146328
2025-01-19 13:26:02.760945+00:00,KUJAWSKO-POMORSKIE,wieś,2013,233701
2025-01-19 13:26:02.760945+00:00,POMORSKIE,wieś,2013,215145
2025-01-19 13:26:02.760945+00:00,WARMIŃSKO-MAZURSKIE,wieś,2013,175102
2025-01-19 13:26:02.760945+00:00,ŁÓDZKIE,wieś,2013,298916
2025-01-19 13:26:02.760945+00:00,ŚWIĘTOKRZYSKIE,wieś,2013,213883
2025-01-19 13:26:02.760945+00:00,LUBELSKIE,wieś,2013,370666
2025-01-19 13:26:02.760945+00:00,PODKARPACKIE,wieś,2013,332485
2025-01-19 13:26:02.760945+00:00,PODLASKIE,wieś,2013,159006
2025-01-19 13:26:02.760945+00:00,MAZOWIECKIE,wieś,2013,608746
2025-01-19 13:26:05.116947+00:00,MAŁOPOLSKIE,wieś,2014,469281
2025-01-19 13:26:05.116947+00:00,ŚLĄSKIE,wieś,2014,317026
2025-01-19 13:26:05.116947+00:00,LUBUSKIE,wieś,2014,114156
2025-01-19 13:26:05.116947+00:00,WIELKOPOLSKIE,wieś,2014,431772
2025-01-19 13:26:05.116947+00:00,ZACHODNIOPOMORSKIE,wieś,2014,167853
2025-01-19 13:26:05.116947+00:00,DOLNOŚLĄSKIE,wieś,2014,282584
2025-01-19 13:26:05.116947+00:00,OPOLSKIE,wieś,2014,147147
2025-01-19 13:26:05.116947+00:00,KUJAWSKO-POMORSKIE,wieś,2014,236255
2025-01-19 13:26:05.116947+00:00,POMORSKIE,wieś,2014,218321
2025-01-19 13:26:05.116947+00:00,WARMIŃSKO-MAZURSKIE,wieś,2014,176796
2025-01-19 13:26:05.116947+00:00,ŁÓDZKIE,wieś,2014,301207
2025-01-19 13:26:05.116947+00:00,ŚWIĘTOKRZYSKIE,wieś,2014,215226
2025-01-19 13:26:05.116947+00:00,LUBELSKIE,wieś,2014,372633
2025-01-19 13:26:05.116947+00:00,PODKARPACKIE,wieś,2014,334520
2025-01-19 13:26:05.116947+00:00,PODLASKIE,wieś,2014,160222
2025-01-19 13:26:05.116947+00:00,MAZOWIECKIE,wieś,2014,613766
2025-01-19 13:26:07.462209+00:00,MAŁOPOLSKIE,wieś,2015,475005
2025-01-19 13:26:07.462209+00:00,ŚLĄSKIE,wieś,2015,320017
2025-01-19 13:26:07.462209+00:00,LUBUSKIE,wieś,2015,108557
2025-01-19 13:26:07.462209+00:00,WIELKOPOLSKIE,wieś,2015,438694
2025-01-19 13:26:07.462209+00:00,ZACHODNIOPOMORSKIE,wieś,2015,169565
2025-01-19 13:26:07.462209+00:00,DOLNOŚLĄSKIE,wieś,2015,286519
2025-01-19 13:26:07.462209+00:00,OPOLSKIE,wieś,2015,147952
2025-01-19 13:26:07.462209+00:00,KUJAWSKO-POMORSKIE,wieś,2015,238984
2025-01-19 13:26:07.462209+00:00,POMORSKIE,wieś,2015,224810
2025-01-19 13:26:07.462209+00:00,WARMIŃSKO-MAZURSKIE,wieś,2015,178552
2025-01-19 13:26:07.462209+00:00,ŁÓDZKIE,wieś,2015,303687
2025-01-19 13:26:07.462209+00:00,ŚWIĘTOKRZYSKIE,wieś,2015,216416
2025-01-19 13:26:07.462209+00:00,LUBELSKIE,wieś,2015,375055
2025-01-19 13:26:07.462209+00:00,PODKARPACKIE,wieś,2015,337675
2025-01-19 13:26:07.462209+00:00,PODLASKIE,wieś,2015,161524
2025-01-19 13:26:07.462209+00:00,MAZOWIECKIE,wieś,2015,620572
2025-01-19 13:26:09.636559+00:00,MAŁOPOLSKIE,wieś,2016,480347
2025-01-19 13:26:09.636559+00:00,ŚLĄSKIE,wieś,2016,323091
2025-01-19 13:26:09.636559+00:00,LUBUSKIE,wieś,2016,109533
2025-01-19 13:26:09.636559+00:00,WIELKOPOLSKIE,wieś,2016,445950
2025-01-19 13:26:09.636559+00:00,ZACHODNIOPOMORSKIE,wieś,2016,171184
2025-01-19 13:26:09.636559+00:00,DOLNOŚLĄSKIE,wieś,2016,291564
2025-01-19 13:26:09.636559+00:00,OPOLSKIE,wieś,2016,148712
2025-01-19 13:26:09.636559+00:00,KUJAWSKO-POMORSKIE,wieś,2016,241930
2025-01-19 13:26:09.636559+00:00,POMORSKIE,wieś,2016,228775
2025-01-19 13:26:09.636559+00:00,WARMIŃSKO-MAZURSKIE,wieś,2016,180357
2025-01-19 13:26:09.636559+00:00,ŁÓDZKIE,wieś,2016,306110
2025-01-19 13:26:09.636559+00:00,ŚWIĘTOKRZYSKIE,wieś,2016,217871
2025-01-19 13:26:09.636559+00:00,LUBELSKIE,wieś,2016,375823
2025-01-19 13:26:09.636559+00:00,PODKARPACKIE,wieś,2016,340849
2025-01-19 13:26:09.636559+00:00,PODLASKIE,wieś,2016,162836
2025-01-19 13:26:09.636559+00:00,MAZOWIECKIE,wieś,2016,627585
2025-01-19 13:26:11.975840+00:00,MAŁOPOLSKIE,wieś,2017,486400
2025-01-19 13:26:11.975840+00:00,ŚLĄSKIE,wieś,2017,326430
2025-01-19 13:26:11.975840+00:00,LUBUSKIE,wieś,2017,110497
2025-01-19 13:26:11.975840+00:00,WIELKOPOLSKIE,wieś,2017,453189
2025-01-19 13:26:11.975840+00:00,ZACHODNIOPOMORSKIE,wieś,2017,171486
2025-01-19 13:26:11.975840+00:00,DOLNOŚLĄSKIE,wieś,2017,295662
2025-01-19 13:26:11.975840+00:00,OPOLSKIE,wieś,2017,146207
2025-01-19 13:26:11.975840+00:00,KUJAWSKO-POMORSKIE,wieś,2017,244760
2025-01-19 13:26:11.975840+00:00,POMORSKIE,wieś,2017,234538
2025-01-19 13:26:11.975840+00:00,WARMIŃSKO-MAZURSKIE,wieś,2017,182095
2025-01-19 13:26:11.975840+00:00,ŁÓDZKIE,wieś,2017,308768
2025-01-19 13:26:11.975840+00:00,ŚWIĘTOKRZYSKIE,wieś,2017,219043
2025-01-19 13:26:11.975840+00:00,LUBELSKIE,wieś,2017,377485
2025-01-19 13:26:11.975840+00:00,PODKARPACKIE,wieś,2017,344052
2025-01-19 13:26:11.975840+00:00,PODLASKIE,wieś,2017,164274
2025-01-19 13:26:11.975840+00:00,MAZOWIECKIE,wieś,2017,635191
2025-01-19 13:26:14.332575+00:00,MAŁOPOLSKIE,wieś,2018,492126
2025-01-19 13:26:14.332575+00:00,ŚLĄSKIE,wieś,2018,329756
2025-01-19 13:26:14.332575+00:00,LUBUSKIE,wieś,2018,110912
2025-01-19 13:26:14.332575+00:00,WIELKOPOLSKIE,wieś,2018,462494
2025-01-19 13:26:14.332575+00:00,ZACHODNIOPOMORSKIE,wieś,2018,173253
2025-01-19 13:26:14.332575+00:00,DOLNOŚLĄSKIE,wieś,2018,300273
2025-01-19 13:26:14.332575+00:00,OPOLSKIE,wieś,2018,145126
2025-01-19 13:26:14.332575+00:00,KUJAWSKO-POMORSKIE,wieś,2018,247793
2025-01-19 13:26:14.332575+00:00,POMORSKIE,wieś,2018,239526
2025-01-19 13:26:14.332575+00:00,WARMIŃSKO-MAZURSKIE,wieś,2018,184372
2025-01-19 13:26:14.332575+00:00,ŁÓDZKIE,wieś,2018,311279
2025-01-19 13:26:14.332575+00:00,ŚWIĘTOKRZYSKIE,wieś,2018,218824
2025-01-19 13:26:14.332575+00:00,LUBELSKIE,wieś,2018,379446
2025-01-19 13:26:14.332575+00:00,PODKARPACKIE,wieś,2018,347377
2025-01-19 13:26:14.332575+00:00,PODLASKIE,wieś,2018,165765
2025-01-19 13:26:14.332575+00:00,MAZOWIECKIE,wieś,2018,641982
2025-01-19 13:26:17.422852+00:00,MAŁOPOLSKIE,wieś,2019,497608
2025-01-19 13:26:17.422852+00:00,ŚLĄSKIE,wieś,2019,333285
2025-01-19 13:26:17.422852+00:00,LUBUSKIE,wieś,2019,112128
2025-01-19 13:26:17.422852+00:00,WIELKOPOLSKIE,wieś,2019,472031
2025-01-19 13:26:17.422852+00:00,ZACHODNIOPOMORSKIE,wieś,2019,175037
2025-01-19 13:26:17.422852+00:00,DOLNOŚLĄSKIE,wieś,2019,305974
2025-01-19 13:26:17.422852+00:00,OPOLSKIE,wieś,2019,145927
2025-01-19 13:26:17.422852+00:00,KUJAWSKO-POMORSKIE,wieś,2019,251098
2025-01-19 13:26:17.422852+00:00,POMORSKIE,wieś,2019,244724
2025-01-19 13:26:17.422852+00:00,WARMIŃSKO-MAZURSKIE,wieś,2019,185685
2025-01-19 13:26:17.422852+00:00,ŁÓDZKIE,wieś,2019,313973
2025-01-19 13:26:17.422852+00:00,ŚWIĘTOKRZYSKIE,wieś,2019,217538
2025-01-19 13:26:17.422852+00:00,LUBELSKIE,wieś,2019,382133
2025-01-19 13:26:17.422852+00:00,PODKARPACKIE,wieś,2019,348660
2025-01-19 13:26:17.422852+00:00,PODLASKIE,wieś,2019,167433
2025-01-19 13:26:17.422852+00:00,MAZOWIECKIE,wieś,2019,650561
2025-01-19 13:26:19.583787+00:00,MAŁOPOLSKIE,wieś,2020,520369
2025-01-19 13:26:19.583787+00:00,ŚLĄSKIE,wieś,2020,335314
2025-01-19 13:26:19.583787+00:00,LUBUSKIE,wieś,2020,114689
2025-01-19 13:26:19.583787+00:00,WIELKOPOLSKIE,wieś,2020,493715
2025-01-19 13:26:19.583787+00:00,ZACHODNIOPOMORSKIE,wieś,2020,182101
2025-01-19 13:26:19.583787+00:00,DOLNOŚLĄSKIE,wieś,2020,321125
2025-01-19 13:26:19.583787+00:00,OPOLSKIE,wieś,2020,144177
2025-01-19 13:26:19.583787+00:00,KUJAWSKO-POMORSKIE,wieś,2020,257280
2025-01-19 13:26:19.583787+00:00,POMORSKIE,wieś,2020,264017
2025-01-19 13:26:19.583787+00:00,WARMIŃSKO-MAZURSKIE,wieś,2020,185931
2025-01-19 13:26:19.583787+00:00,ŁÓDZKIE,wieś,2020,313152
2025-01-19 13:26:19.583787+00:00,ŚWIĘTOKRZYSKIE,wieś,2020,215530
2025-01-19 13:26:19.583787+00:00,LUBELSKIE,wieś,2020,374390
2025-01-19 13:26:19.583787+00:00,PODKARPACKIE,wieś,2020,354808
2025-01-19 13:26:19.583787+00:00,PODLASKIE,wieś,2020,162393
2025-01-19 13:26:19.583787+00:00,MAZOWIECKIE,wieś,2020,655084
2025-01-19 13:26:21.732855+00:00,MAŁOPOLSKIE,wieś,2021,526249
2025-01-19 13:26:21.732855+00:00,ŚLĄSKIE,wieś,2021,338660
2025-01-19 13:26:21.732855+00:00,LUBUSKIE,wieś,2021,115920
2025-01-19 13:26:21.732855+00:00,WIELKOPOLSKIE,wieś,2021,502013
2025-01-19 13:26:21.732855+00:00,ZACHODNIOPOMORSKIE,wieś,2021,184357
2025-01-19 13:26:21.732855+00:00,DOLNOŚLĄSKIE,wieś,2021,324399
2025-01-19 13:26:21.732855+00:00,OPOLSKIE,wieś,2021,144929
2025-01-19 13:26:21.732855+00:00,KUJAWSKO-POMORSKIE,wieś,2021,260410
2025-01-19 13:26:21.733865+00:00,POMORSKIE,wieś,2021,269177
2025-01-19 13:26:21.733865+00:00,WARMIŃSKO-MAZURSKIE,wieś,2021,188005
2025-01-19 13:26:21.733865+00:00,ŁÓDZKIE,wieś,2021,316114
2025-01-19 13:26:21.733865+00:00,ŚWIĘTOKRZYSKIE,wieś,2021,216608
2025-01-19 13:26:21.733865+00:00,LUBELSKIE,wieś,2021,375807
2025-01-19 13:26:21.733865+00:00,PODKARPACKIE,wieś,2021,357105
2025-01-19 13:26:21.733865+00:00,PODLASKIE,wieś,2021,164219
2025-01-19 13:26:21.733865+00:00,MAZOWIECKIE,wieś,2021,662628
2025-01-19 13:26:23.907406+00:00,MAŁOPOLSKIE,wieś,2022,533374
2025-01-19 13:26:23.908404+00:00,ŚLĄSKIE,wieś,2022,341986
2025-01-19 13:26:23.908404+00:00,LUBUSKIE,wieś,2022,117574
2025-01-19 13:26:23.908404+00:00,WIELKOPOLSKIE,wieś,2022,512915
2025-01-19 13:26:23.908404+00:00,ZACHODNIOPOMORSKIE,wieś,2022,187268
2025-01-19 13:26:23.908404+00:00,DOLNOŚLĄSKIE,wieś,2022,330594
2025-01-19 13:26:23.908404+00:00,OPOLSKIE,wieś,2022,145963
2025-01-19 13:26:23.908404+00:00,KUJAWSKO-POMORSKIE,wieś,2022,263938
2025-01-19 13:26:23.908404+00:00,POMORSKIE,wieś,2022,275881
2025-01-19 13:26:23.908404+00:00,WARMIŃSKO-MAZURSKIE,wieś,2022,190973
2025-01-19 13:26:23.908404+00:00,ŁÓDZKIE,wieś,2022,318504
2025-01-19 13:26:23.908404+00:00,ŚWIĘTOKRZYSKIE,wieś,2022,218043
2025-01-19 13:26:23.908404+00:00,LUBELSKIE,wieś,2022,378416
2025-01-19 13:26:23.908404+00:00,PODKARPACKIE,wieś,2022,361028
2025-01-19 13:26:23.908404+00:00,PODLASKIE,wieś,2022,166484
2025-01-19 13:26:23.908404+00:00,MAZOWIECKIE,wieś,2022,671149
2025-01-19 13:26:26.209185+00:00,MAŁOPOLSKIE,wieś,2023,538509
2025-01-19 13:26:26.209185+00:00,ŚLĄSKIE,wieś,2023,345366
2025-01-19 13:26:26.209185+00:00,LUBUSKIE,wieś,2023,119231
2025-01-19 13:26:26.209185+00:00,WIELKOPOLSKIE,wieś,2023,522856
2025-01-19 13:26:26.209185+00:00,ZACHODNIOPOMORSKIE,wieś,2023,189233
2025-01-19 13:26:26.209185+00:00,DOLNOŚLĄSKIE,wieś,2023,335798
2025-01-19 13:26:26.209185+00:00,OPOLSKIE,wieś,2023,147041
2025-01-19 13:26:26.209185+00:00,KUJAWSKO-POMORSKIE,wieś,2023,267800
2025-01-19 13:26:26.209185+00:00,POMORSKIE,wieś,2023,282470
2025-01-19 13:26:26.209185+00:00,WARMIŃSKO-MAZURSKIE,wieś,2023,193296
2025-01-19 13:26:26.209185+00:00,ŁÓDZKIE,wieś,2023,319598
2025-01-19 13:26:26.209185+00:00,ŚWIĘTOKRZYSKIE,wieś,2023,218222
2025-01-19 13:26:26.209185+00:00,LUBELSKIE,wieś,2023,380986
2025-01-19 13:26:26.209185+00:00,PODKARPACKIE,wieś,2023,364236
2025-01-19 13:26:26.209185+00:00,PODLASKIE,wieś,2023,168475
2025-01-19 13:26:26.209185+00:00,MAZOWIECKIE,wieś,2023,680906
2025-01-19 13:26:33.313462+00:00,MAŁOPOLSKIE,miasto,2005,582526
2025-01-19 13:26:33.313462+00:00,ŚLĄSKIE,miasto,2005,1368836
2025-01-19 13:26:33.313462+00:00,LUBUSKIE,miasto,2005,228728
2025-01-19 13:26:33.313462+00:00,WIELKOPOLSKIE,miasto,2005,665915
2025-01-19 13:26:33.313462+00:00,ZACHODNIOPOMORSKIE,miasto,2005,421545
2025-01-19 13:26:33.313462+00:00,DOLNOŚLĄSKIE,miasto,2005,759567
2025-01-19 13:26:33.313462+00:00,OPOLSKIE,miasto,2005,193399
2025-01-19 13:26:33.313462+00:00,KUJAWSKO-POMORSKIE,miasto,2005,454753
2025-01-19 13:26:33.313462+00:00,POMORSKIE,miasto,2005,530870
2025-01-19 13:26:33.313462+00:00,WARMIŃSKO-MAZURSKIE,miasto,2005,294990
2025-01-19 13:26:33.313462+00:00,ŁÓDZKIE,miasto,2005,662656
2025-01-19 13:26:33.313462+00:00,ŚWIĘTOKRZYSKIE,miasto,2005,209688
2025-01-19 13:26:33.313462+00:00,LUBELSKIE,miasto,2005,352665
2025-01-19 13:26:33.313462+00:00,PODKARPACKIE,miasto,2005,274288
2025-01-19 13:26:33.313462+00:00,PODLASKIE,miasto,2005,248608
2025-01-19 13:26:33.313462+00:00,MAZOWIECKIE,miasto,2005,1331171
2025-01-19 13:26:35.481770+00:00,MAŁOPOLSKIE,miasto,2006,591184
2025-01-19 13:26:35.481770+00:00,ŚLĄSKIE,miasto,2006,1372857
2025-01-19 13:26:35.481770+00:00,LUBUSKIE,miasto,2006,230653
2025-01-19 13:26:35.481770+00:00,WIELKOPOLSKIE,miasto,2006,670827
2025-01-19 13:26:35.481770+00:00,ZACHODNIOPOMORSKIE,miasto,2006,424955
2025-01-19 13:26:35.481770+00:00,DOLNOŚLĄSKIE,miasto,2006,766088
2025-01-19 13:26:35.481770+00:00,OPOLSKIE,miasto,2006,194155
2025-01-19 13:26:35.481770+00:00,KUJAWSKO-POMORSKIE,miasto,2006,457561
2025-01-19 13:26:35.481770+00:00,POMORSKIE,miasto,2006,538252
2025-01-19 13:26:35.481770+00:00,WARMIŃSKO-MAZURSKIE,miasto,2006,297987
2025-01-19 13:26:35.481770+00:00,ŁÓDZKIE,miasto,2006,666094
2025-01-19 13:26:35.481770+00:00,ŚWIĘTOKRZYSKIE,miasto,2006,210346
2025-01-19 13:26:35.481770+00:00,LUBELSKIE,miasto,2006,355320
2025-01-19 13:26:35.481770+00:00,PODKARPACKIE,miasto,2006,277511
2025-01-19 13:26:35.481770+00:00,PODLASKIE,miasto,2006,251485
2025-01-19 13:26:35.481770+00:00,MAZOWIECKIE,miasto,2006,1350677
2025-01-19 13:26:37.641042+00:00,MAŁOPOLSKIE,miasto,2007,599046
2025-01-19 13:26:37.641042+00:00,ŚLĄSKIE,miasto,2007,1378686
2025-01-19 13:26:37.641042+00:00,LUBUSKIE,miasto,2007,232777
2025-01-19 13:26:37.641042+00:00,WIELKOPOLSKIE,miasto,2007,677939
2025-01-19 13:26:37.641042+00:00,ZACHODNIOPOMORSKIE,miasto,2007,429293
2025-01-19 13:26:37.641042+00:00,DOLNOŚLĄSKIE,miasto,2007,772479
2025-01-19 13:26:37.641042+00:00,OPOLSKIE,miasto,2007,194753
2025-01-19 13:26:37.641042+00:00,KUJAWSKO-POMORSKIE,miasto,2007,460068
2025-01-19 13:26:37.641042+00:00,POMORSKIE,miasto,2007,546102
2025-01-19 13:26:37.641042+00:00,WARMIŃSKO-MAZURSKIE,miasto,2007,302154
2025-01-19 13:26:37.641042+00:00,ŁÓDZKIE,miasto,2007,668773
2025-01-19 13:26:37.641042+00:00,ŚWIĘTOKRZYSKIE,miasto,2007,212158
2025-01-19 13:26:37.641042+00:00,LUBELSKIE,miasto,2007,358286
2025-01-19 13:26:37.641042+00:00,PODKARPACKIE,miasto,2007,279917
2025-01-19 13:26:37.641042+00:00,PODLASKIE,miasto,2007,254111
2025-01-19 13:26:37.641042+00:00,MAZOWIECKIE,miasto,2007,1371988
2025-01-19 13:26:39.819207+00:00,MAŁOPOLSKIE,miasto,2008,609033
2025-01-19 13:26:39.819207+00:00,ŚLĄSKIE,miasto,2008,1386010
2025-01-19 13:26:39.819207+00:00,LUBUSKIE,miasto,2008,235721
2025-01-19 13:26:39.819207+00:00,WIELKOPOLSKIE,miasto,2008,686280
2025-01-19 13:26:39.819207+00:00,ZACHODNIOPOMORSKIE,miasto,2008,434083
2025-01-19 13:26:39.819207+00:00,DOLNOŚLĄSKIE,miasto,2008,780834
2025-01-19 13:26:39.819207+00:00,OPOLSKIE,miasto,2008,195617
2025-01-19 13:26:39.819207+00:00,KUJAWSKO-POMORSKIE,miasto,2008,464857
2025-01-19 13:26:39.819207+00:00,POMORSKIE,miasto,2008,556139
2025-01-19 13:26:39.819207+00:00,WARMIŃSKO-MAZURSKIE,miasto,2008,306933
2025-01-19 13:26:39.819207+00:00,ŁÓDZKIE,miasto,2008,672868
2025-01-19 13:26:39.819207+00:00,ŚWIĘTOKRZYSKIE,miasto,2008,213442
2025-01-19 13:26:39.819207+00:00,LUBELSKIE,miasto,2008,362300
2025-01-19 13:26:39.819207+00:00,PODKARPACKIE,miasto,2008,285282
2025-01-19 13:26:39.819207+00:00,PODLASKIE,miasto,2008,257124
2025-01-19 13:26:39.819207+00:00,MAZOWIECKIE,miasto,2008,1400204
2025-01-19 13:26:41.992626+00:00,MAŁOPOLSKIE,miasto,2009,624249
2025-01-19 13:26:41.992626+00:00,ŚLĄSKIE,miasto,2009,1392926
2025-01-19 13:26:41.992626+00:00,LUBUSKIE,miasto,2009,238149
2025-01-19 13:26:41.992626+00:00,WIELKOPOLSKIE,miasto,2009,694017
2025-01-19 13:26:41.992626+00:00,ZACHODNIOPOMORSKIE,miasto,2009,439473
2025-01-19 13:26:41.992626+00:00,DOLNOŚLĄSKIE,miasto,2009,790742
2025-01-19 13:26:41.992626+00:00,OPOLSKIE,miasto,2009,196693
2025-01-19 13:26:41.992626+00:00,KUJAWSKO-POMORSKIE,miasto,2009,468944
2025-01-19 13:26:41.992626+00:00,POMORSKIE,miasto,2009,565592
2025-01-19 13:26:41.992626+00:00,WARMIŃSKO-MAZURSKIE,miasto,2009,310084
2025-01-19 13:26:41.992626+00:00,ŁÓDZKIE,miasto,2009,676308
2025-01-19 13:26:41.992626+00:00,ŚWIĘTOKRZYSKIE,miasto,2009,214466
2025-01-19 13:26:41.992626+00:00,LUBELSKIE,miasto,2009,365745
2025-01-19 13:26:41.992626+00:00,PODKARPACKIE,miasto,2009,289485
2025-01-19 13:26:41.992626+00:00,PODLASKIE,miasto,2009,262387
2025-01-19 13:26:41.992626+00:00,MAZOWIECKIE,miasto,2009,1429921
2025-01-19 13:26:44.154425+00:00,MAŁOPOLSKIE,miasto,2010,627982
2025-01-19 13:26:44.154425+00:00,ŚLĄSKIE,miasto,2010,1391480
2025-01-19 13:26:44.154425+00:00,LUBUSKIE,miasto,2010,240487
2025-01-19 13:26:44.154425+00:00,WIELKOPOLSKIE,miasto,2010,704283
2025-01-19 13:26:44.154425+00:00,ZACHODNIOPOMORSKIE,miasto,2010,451000
2025-01-19 13:26:44.154425+00:00,DOLNOŚLĄSKIE,miasto,2010,804786
2025-01-19 13:26:44.154425+00:00,OPOLSKIE,miasto,2010,199794
2025-01-19 13:26:44.154425+00:00,KUJAWSKO-POMORSKIE,miasto,2010,477736
2025-01-19 13:26:44.154425+00:00,POMORSKIE,miasto,2010,576822
2025-01-19 13:26:44.154425+00:00,WARMIŃSKO-MAZURSKIE,miasto,2010,313235
2025-01-19 13:26:44.154425+00:00,ŁÓDZKIE,miasto,2010,683001
2025-01-19 13:26:44.154425+00:00,ŚWIĘTOKRZYSKIE,miasto,2010,215129
2025-01-19 13:26:44.154425+00:00,LUBELSKIE,miasto,2010,369426
2025-01-19 13:26:44.154425+00:00,PODKARPACKIE,miasto,2010,294217
2025-01-19 13:26:44.154425+00:00,PODLASKIE,miasto,2010,264074
2025-01-19 13:26:44.154425+00:00,MAZOWIECKIE,miasto,2010,1474330
2025-01-19 13:26:46.327689+00:00,MAŁOPOLSKIE,miasto,2011,635358
2025-01-19 13:26:46.327689+00:00,ŚLĄSKIE,miasto,2011,1396742
2025-01-19 13:26:46.327689+00:00,LUBUSKIE,miasto,2011,242528
2025-01-19 13:26:46.327689+00:00,WIELKOPOLSKIE,miasto,2011,710316
2025-01-19 13:26:46.327689+00:00,ZACHODNIOPOMORSKIE,miasto,2011,455377
2025-01-19 13:26:46.327689+00:00,DOLNOŚLĄSKIE,miasto,2011,811239
2025-01-19 13:26:46.327689+00:00,OPOLSKIE,miasto,2011,200557
2025-01-19 13:26:46.327689+00:00,KUJAWSKO-POMORSKIE,miasto,2011,481289
2025-01-19 13:26:46.327689+00:00,POMORSKIE,miasto,2011,583984
2025-01-19 13:26:46.327689+00:00,WARMIŃSKO-MAZURSKIE,miasto,2011,315811
2025-01-19 13:26:46.327689+00:00,ŁÓDZKIE,miasto,2011,686602
2025-01-19 13:26:46.327689+00:00,ŚWIĘTOKRZYSKIE,miasto,2011,216640
2025-01-19 13:26:46.327689+00:00,LUBELSKIE,miasto,2011,372748
2025-01-19 13:26:46.327689+00:00,PODKARPACKIE,miasto,2011,297599
2025-01-19 13:26:46.327689+00:00,PODLASKIE,miasto,2011,267788
2025-01-19 13:26:46.327689+00:00,MAZOWIECKIE,miasto,2011,1490580
2025-01-19 13:26:48.635777+00:00,MAŁOPOLSKIE,miasto,2012,644266
2025-01-19 13:26:48.635777+00:00,ŚLĄSKIE,miasto,2012,1402238
2025-01-19 13:26:48.635777+00:00,LUBUSKIE,miasto,2012,244309
2025-01-19 13:26:48.635777+00:00,WIELKOPOLSKIE,miasto,2012,716927
2025-01-19 13:26:48.635777+00:00,ZACHODNIOPOMORSKIE,miasto,2012,459075
2025-01-19 13:26:48.635777+00:00,DOLNOŚLĄSKIE,miasto,2012,821130
2025-01-19 13:26:48.635777+00:00,OPOLSKIE,miasto,2012,201394
2025-01-19 13:26:48.635777+00:00,KUJAWSKO-POMORSKIE,miasto,2012,484228
2025-01-19 13:26:48.635777+00:00,POMORSKIE,miasto,2012,593021
2025-01-19 13:26:48.635777+00:00,WARMIŃSKO-MAZURSKIE,miasto,2012,319195
2025-01-19 13:26:48.635777+00:00,ŁÓDZKIE,miasto,2012,691026
2025-01-19 13:26:48.635777+00:00,ŚWIĘTOKRZYSKIE,miasto,2012,218028
2025-01-19 13:26:48.635777+00:00,LUBELSKIE,miasto,2012,376618
2025-01-19 13:26:48.635777+00:00,PODKARPACKIE,miasto,2012,300631
2025-01-19 13:26:48.635777+00:00,PODLASKIE,miasto,2012,270732
2025-01-19 13:26:48.635777+00:00,MAZOWIECKIE,miasto,2012,1510723
2025-01-19 13:26:51.196271+00:00,MAŁOPOLSKIE,miasto,2013,653377
2025-01-19 13:26:51.196271+00:00,ŚLĄSKIE,miasto,2013,1408085
2025-01-19 13:26:51.196271+00:00,LUBUSKIE,miasto,2013,246230
2025-01-19 13:26:51.196271+00:00,WIELKOPOLSKIE,miasto,2013,722992
2025-01-19 13:26:51.196271+00:00,ZACHODNIOPOMORSKIE,miasto,2013,461890
2025-01-19 13:26:51.196271+00:00,DOLNOŚLĄSKIE,miasto,2013,832110
2025-01-19 13:26:51.196271+00:00,OPOLSKIE,miasto,2013,202159
2025-01-19 13:26:51.196271+00:00,KUJAWSKO-POMORSKIE,miasto,2013,487481
2025-01-19 13:26:51.196271+00:00,POMORSKIE,miasto,2013,599715
2025-01-19 13:26:51.196271+00:00,WARMIŃSKO-MAZURSKIE,miasto,2013,321928
2025-01-19 13:26:51.196271+00:00,ŁÓDZKIE,miasto,2013,693499
2025-01-19 13:26:51.196271+00:00,ŚWIĘTOKRZYSKIE,miasto,2013,219097
2025-01-19 13:26:51.196271+00:00,LUBELSKIE,miasto,2013,380426
2025-01-19 13:26:51.196271+00:00,PODKARPACKIE,miasto,2013,303184
2025-01-19 13:26:51.196271+00:00,PODLASKIE,miasto,2013,273466
2025-01-19 13:26:51.196271+00:00,MAZOWIECKIE,miasto,2013,1530079
2025-01-19 13:26:54.068292+00:00,MAŁOPOLSKIE,miasto,2014,662770
2025-01-19 13:26:54.068292+00:00,ŚLĄSKIE,miasto,2014,1413982
2025-01-19 13:26:54.068292+00:00,LUBUSKIE,miasto,2014,248494
2025-01-19 13:26:54.068292+00:00,WIELKOPOLSKIE,miasto,2014,731229
2025-01-19 13:26:54.068292+00:00,ZACHODNIOPOMORSKIE,miasto,2014,466082
2025-01-19 13:26:54.068292+00:00,DOLNOŚLĄSKIE,miasto,2014,840802
2025-01-19 13:26:54.068292+00:00,OPOLSKIE,miasto,2014,203068
2025-01-19 13:26:54.068292+00:00,KUJAWSKO-POMORSKIE,miasto,2014,490368
2025-01-19 13:26:54.068292+00:00,POMORSKIE,miasto,2014,606149
2025-01-19 13:26:54.068292+00:00,WARMIŃSKO-MAZURSKIE,miasto,2014,324342
2025-01-19 13:26:54.068292+00:00,ŁÓDZKIE,miasto,2014,696563
2025-01-19 13:26:54.068292+00:00,ŚWIĘTOKRZYSKIE,miasto,2014,220868
2025-01-19 13:26:54.068292+00:00,LUBELSKIE,miasto,2014,383398
2025-01-19 13:26:54.068292+00:00,PODKARPACKIE,miasto,2014,306927
2025-01-19 13:26:54.068292+00:00,PODLASKIE,miasto,2014,276159
2025-01-19 13:26:54.068292+00:00,MAZOWIECKIE,miasto,2014,1553073
2025-01-19 13:26:56.230752+00:00,MAŁOPOLSKIE,miasto,2015,670909
2025-01-19 13:26:56.230752+00:00,ŚLĄSKIE,miasto,2015,1420303
2025-01-19 13:26:56.230752+00:00,LUBUSKIE,miasto,2015,257116
2025-01-19 13:26:56.230752+00:00,WIELKOPOLSKIE,miasto,2015,739386
2025-01-19 13:26:56.230752+00:00,ZACHODNIOPOMORSKIE,miasto,2015,469332
2025-01-19 13:26:56.230752+00:00,DOLNOŚLĄSKIE,miasto,2015,850125
2025-01-19 13:26:56.230752+00:00,OPOLSKIE,miasto,2015,203827
2025-01-19 13:26:56.230752+00:00,KUJAWSKO-POMORSKIE,miasto,2015,493763
2025-01-19 13:26:56.230752+00:00,POMORSKIE,miasto,2015,611763
2025-01-19 13:26:56.230752+00:00,WARMIŃSKO-MAZURSKIE,miasto,2015,326665
2025-01-19 13:26:56.230752+00:00,ŁÓDZKIE,miasto,2015,700246
2025-01-19 13:26:56.230752+00:00,ŚWIĘTOKRZYSKIE,miasto,2015,222653
2025-01-19 13:26:56.230752+00:00,LUBELSKIE,miasto,2015,386456
2025-01-19 13:26:56.230752+00:00,PODKARPACKIE,miasto,2015,310798
2025-01-19 13:26:56.230752+00:00,PODLASKIE,miasto,2015,279305
2025-01-19 13:26:56.230752+00:00,MAZOWIECKIE,miasto,2015,1573221
2025-01-19 13:26:58.401853+00:00,MAŁOPOLSKIE,miasto,2016,682316
2025-01-19 13:26:58.401853+00:00,ŚLĄSKIE,miasto,2016,1427448
2025-01-19 13:26:58.401853+00:00,LUBUSKIE,miasto,2016,259570
2025-01-19 13:26:58.401853+00:00,WIELKOPOLSKIE,miasto,2016,747527
2025-01-19 13:26:58.401853+00:00,ZACHODNIOPOMORSKIE,miasto,2016,474281
2025-01-19 13:26:58.401853+00:00,DOLNOŚLĄSKIE,miasto,2016,860849
2025-01-19 13:26:58.401853+00:00,OPOLSKIE,miasto,2016,204677
2025-01-19 13:26:58.401853+00:00,KUJAWSKO-POMORSKIE,miasto,2016,496614
2025-01-19 13:26:58.401853+00:00,POMORSKIE,miasto,2016,620005
2025-01-19 13:26:58.401853+00:00,WARMIŃSKO-MAZURSKIE,miasto,2016,329211
2025-01-19 13:26:58.401853+00:00,ŁÓDZKIE,miasto,2016,703773
2025-01-19 13:26:58.401853+00:00,ŚWIĘTOKRZYSKIE,miasto,2016,223708
2025-01-19 13:26:58.401853+00:00,LUBELSKIE,miasto,2016,391947
2025-01-19 13:26:58.401853+00:00,PODKARPACKIE,miasto,2016,314890
2025-01-19 13:26:58.401853+00:00,PODLASKIE,miasto,2016,282383
2025-01-19 13:26:58.401853+00:00,MAZOWIECKIE,miasto,2016,1600294
2025-01-19 13:27:00.719290+00:00,MAŁOPOLSKIE,miasto,2017,695498
2025-01-19 13:27:00.719290+00:00,ŚLĄSKIE,miasto,2017,1435379
2025-01-19 13:27:00.719290+00:00,LUBUSKIE,miasto,2017,262379
2025-01-19 13:27:00.719290+00:00,WIELKOPOLSKIE,miasto,2017,758296
2025-01-19 13:27:00.719290+00:00,ZACHODNIOPOMORSKIE,miasto,2017,481063
2025-01-19 13:27:00.719290+00:00,DOLNOŚLĄSKIE,miasto,2017,873196
2025-01-19 13:27:00.719290+00:00,OPOLSKIE,miasto,2017,209026
2025-01-19 13:27:00.719290+00:00,KUJAWSKO-POMORSKIE,miasto,2017,501050
2025-01-19 13:27:00.719290+00:00,POMORSKIE,miasto,2017,628936
2025-01-19 13:27:00.719290+00:00,WARMIŃSKO-MAZURSKIE,miasto,2017,332105
2025-01-19 13:27:00.719290+00:00,ŁÓDZKIE,miasto,2017,707542
2025-01-19 13:27:00.719290+00:00,ŚWIĘTOKRZYSKIE,miasto,2017,225257
2025-01-19 13:27:00.719290+00:00,LUBELSKIE,miasto,2017,396921
2025-01-19 13:27:00.719290+00:00,PODKARPACKIE,miasto,2017,319086
2025-01-19 13:27:00.719290+00:00,PODLASKIE,miasto,2017,285707
2025-01-19 13:27:00.719290+00:00,MAZOWIECKIE,miasto,2017,1628259
2025-01-19 13:27:03.072731+00:00,MAŁOPOLSKIE,miasto,2018,707435
2025-01-19 13:27:03.072731+00:00,ŚLĄSKIE,miasto,2018,1443755
2025-01-19 13:27:03.072731+00:00,LUBUSKIE,miasto,2018,266065
2025-01-19 13:27:03.072731+00:00,WIELKOPOLSKIE,miasto,2018,768018
2025-01-19 13:27:03.072731+00:00,ZACHODNIOPOMORSKIE,miasto,2018,486773
2025-01-19 13:27:03.072731+00:00,DOLNOŚLĄSKIE,miasto,2018,886466
2025-01-19 13:27:03.072731+00:00,OPOLSKIE,miasto,2018,212349
2025-01-19 13:27:03.072731+00:00,KUJAWSKO-POMORSKIE,miasto,2018,504472
2025-01-19 13:27:03.072731+00:00,POMORSKIE,miasto,2018,639705
2025-01-19 13:27:03.073732+00:00,WARMIŃSKO-MAZURSKIE,miasto,2018,334985
2025-01-19 13:27:03.073732+00:00,ŁÓDZKIE,miasto,2018,712045
2025-01-19 13:27:03.073732+00:00,ŚWIĘTOKRZYSKIE,miasto,2018,228366
2025-01-19 13:27:03.073732+00:00,LUBELSKIE,miasto,2018,401693
2025-01-19 13:27:03.073732+00:00,PODKARPACKIE,miasto,2018,322879
2025-01-19 13:27:03.073732+00:00,PODLASKIE,miasto,2018,288903
2025-01-19 13:27:03.073732+00:00,MAZOWIECKIE,miasto,2018,1660899
2025-01-19 13:27:05.244752+00:00,MAŁOPOLSKIE,miasto,2019,723024
2025-01-19 13:27:05.245751+00:00,ŚLĄSKIE,miasto,2019,1453392
2025-01-19 13:27:05.245751+00:00,LUBUSKIE,miasto,2019,268862
2025-01-19 13:27:05.245751+00:00,WIELKOPOLSKIE,miasto,2019,779698
2025-01-19 13:27:05.245751+00:00,ZACHODNIOPOMORSKIE,miasto,2019,493734
2025-01-19 13:27:05.245751+00:00,DOLNOŚLĄSKIE,miasto,2019,902241
2025-01-19 13:27:05.245751+00:00,OPOLSKIE,miasto,2019,214054
2025-01-19 13:27:05.245751+00:00,KUJAWSKO-POMORSKIE,miasto,2019,508668
2025-01-19 13:27:05.245751+00:00,POMORSKIE,miasto,2019,652021
2025-01-19 13:27:05.245751+00:00,WARMIŃSKO-MAZURSKIE,miasto,2019,339351
2025-01-19 13:27:05.245751+00:00,ŁÓDZKIE,miasto,2019,718267
2025-01-19 13:27:05.245751+00:00,ŚWIĘTOKRZYSKIE,miasto,2019,233216
2025-01-19 13:27:05.245751+00:00,LUBELSKIE,miasto,2019,405534
2025-01-19 13:27:05.245751+00:00,PODKARPACKIE,miasto,2019,330020
2025-01-19 13:27:05.245751+00:00,PODLASKIE,miasto,2019,293014
2025-01-19 13:27:05.245751+00:00,MAZOWIECKIE,miasto,2019,1693883
2025-01-19 13:27:07.435389+00:00,MAŁOPOLSKIE,miasto,2020,763843
2025-01-19 13:27:07.435389+00:00,ŚLĄSKIE,miasto,2020,1477574
2025-01-19 13:27:07.435389+00:00,LUBUSKIE,miasto,2020,276069
2025-01-19 13:27:07.435389+00:00,WIELKOPOLSKIE,miasto,2020,813597
2025-01-19 13:27:07.435389+00:00,ZACHODNIOPOMORSKIE,miasto,2020,507861
2025-01-19 13:27:07.435389+00:00,DOLNOŚLĄSKIE,miasto,2020,935704
2025-01-19 13:27:07.435389+00:00,OPOLSKIE,miasto,2020,216223
2025-01-19 13:27:07.435389+00:00,KUJAWSKO-POMORSKIE,miasto,2020,519452
2025-01-19 13:27:07.435389+00:00,POMORSKIE,miasto,2020,670587
2025-01-19 13:27:07.435389+00:00,WARMIŃSKO-MAZURSKIE,miasto,2020,344535
2025-01-19 13:27:07.435389+00:00,ŁÓDZKIE,miasto,2020,726991
2025-01-19 13:27:07.435389+00:00,ŚWIĘTOKRZYSKIE,miasto,2020,236760
2025-01-19 13:27:07.435389+00:00,LUBELSKIE,miasto,2020,412145
2025-01-19 13:27:07.435389+00:00,PODKARPACKIE,miasto,2020,341189
2025-01-19 13:27:07.435389+00:00,PODLASKIE,miasto,2020,297383
2025-01-19 13:27:07.435389+00:00,MAZOWIECKIE,miasto,2020,1756744
2025-01-19 13:27:09.607650+00:00,MAŁOPOLSKIE,miasto,2021,773333
2025-01-19 13:27:09.607650+00:00,ŚLĄSKIE,miasto,2021,1486920
2025-01-19 13:27:09.607650+00:00,LUBUSKIE,miasto,2021,279007
2025-01-19 13:27:09.607650+00:00,WIELKOPOLSKIE,miasto,2021,826130
2025-01-19 13:27:09.607650+00:00,ZACHODNIOPOMORSKIE,miasto,2021,512921
2025-01-19 13:27:09.607650+00:00,DOLNOŚLĄSKIE,miasto,2021,949815
2025-01-19 13:27:09.607650+00:00,OPOLSKIE,miasto,2021,217920
2025-01-19 13:27:09.607650+00:00,KUJAWSKO-POMORSKIE,miasto,2021,523141
2025-01-19 13:27:09.607650+00:00,POMORSKIE,miasto,2021,681966
2025-01-19 13:27:09.607650+00:00,WARMIŃSKO-MAZURSKIE,miasto,2021,346568
2025-01-19 13:27:09.607650+00:00,ŁÓDZKIE,miasto,2021,732547
2025-01-19 13:27:09.607650+00:00,ŚWIĘTOKRZYSKIE,miasto,2021,238572
2025-01-19 13:27:09.607650+00:00,LUBELSKIE,miasto,2021,416437
2025-01-19 13:27:09.607650+00:00,PODKARPACKIE,miasto,2021,346275
2025-01-19 13:27:09.607650+00:00,PODLASKIE,miasto,2021,300394
2025-01-19 13:27:09.607650+00:00,MAZOWIECKIE,miasto,2021,1780961
2025-01-19 13:27:11.807698+00:00,MAŁOPOLSKIE,miasto,2022,787395
2025-01-19 13:27:11.807698+00:00,ŚLĄSKIE,miasto,2022,1500624
2025-01-19 13:27:11.807698+00:00,LUBUSKIE,miasto,2022,282884
2025-01-19 13:27:11.807698+00:00,WIELKOPOLSKIE,miasto,2022,838794
2025-01-19 13:27:11.807698+00:00,ZACHODNIOPOMORSKIE,miasto,2022,519341
2025-01-19 13:27:11.807698+00:00,DOLNOŚLĄSKIE,miasto,2022,963717
2025-01-19 13:27:11.807698+00:00,OPOLSKIE,miasto,2022,219693
2025-01-19 13:27:11.807698+00:00,KUJAWSKO-POMORSKIE,miasto,2022,529999
2025-01-19 13:27:11.807698+00:00,POMORSKIE,miasto,2022,694223
2025-01-19 13:27:11.807698+00:00,WARMIŃSKO-MAZURSKIE,miasto,2022,350863
2025-01-19 13:27:11.807698+00:00,ŁÓDZKIE,miasto,2022,741997
2025-01-19 13:27:11.807698+00:00,ŚWIĘTOKRZYSKIE,miasto,2022,240789
2025-01-19 13:27:11.807698+00:00,LUBELSKIE,miasto,2022,422403
2025-01-19 13:27:11.807698+00:00,PODKARPACKIE,miasto,2022,351968
2025-01-19 13:27:11.807698+00:00,PODLASKIE,miasto,2022,304200
2025-01-19 13:27:11.807698+00:00,MAZOWIECKIE,miasto,2022,1812196
2025-01-19 13:27:14.237726+00:00,MAŁOPOLSKIE,miasto,2023,801574
2025-01-19 13:27:14.237726+00:00,ŚLĄSKIE,miasto,2023,1514801
2025-01-19 13:27:14.237726+00:00,LUBUSKIE,miasto,2023,285956
2025-01-19 13:27:14.237726+00:00,WIELKOPOLSKIE,miasto,2023,850003
2025-01-19 13:27:14.237726+00:00,ZACHODNIOPOMORSKIE,miasto,2023,526732
2025-01-19 13:27:14.237726+00:00,DOLNOŚLĄSKIE,miasto,2023,977059
2025-01-19 13:27:14.237726+00:00,OPOLSKIE,miasto,2023,221543
2025-01-19 13:27:14.237726+00:00,KUJAWSKO-POMORSKIE,miasto,2023,536333
2025-01-19 13:27:14.237726+00:00,POMORSKIE,miasto,2023,705528
2025-01-19 13:27:14.237726+00:00,WARMIŃSKO-MAZURSKIE,miasto,2023,354060
2025-01-19 13:27:14.237726+00:00,ŁÓDZKIE,miasto,2023,751613
2025-01-19 13:27:14.237726+00:00,ŚWIĘTOKRZYSKIE,miasto,2023,244366
2025-01-19 13:27:14.237726+00:00,LUBELSKIE,miasto,2023,427730
2025-01-19 13:27:14.237726+00:00,PODKARPACKIE,miasto,2023,356197
2025-01-19 13:27:14.237726+00:00,PODLASKIE,miasto,2023,308700
2025-01-19 13:27:14.237726+00:00,MAZOWIECKIE,miasto,2023,1843025
