data_generacji,wynagrodzenia_wojewodztwo,wynagrodzenia_rok,wynagrodzenia_wartosc,wynagrodzenia_waluta
2025-01-11 20:27:15.303136,MAŁOPOLSKIE,2002,2060.99,PLN
2025-01-11 20:27:15.303136,ŚLĄSKIE,2002,2298.44,PLN
2025-01-11 20:27:15.303136,LUBUSKIE,2002,1936.54,PLN
2025-01-11 20:27:15.303136,WIELKOPOLSKIE,2002,2047.58,PLN
2025-01-11 20:27:15.303136,ZACHODNIOPOMORSKIE,2002,2068.44,PLN
2025-01-11 20:27:15.303136,DOLNOŚLĄSKIE,2002,2165.84,PLN
2025-01-11 20:27:15.303136,OPOLSKIE,2002,2029.99,PLN
2025-01-11 20:27:15.303136,KUJAWSKO-POMORSKIE,2002,1953.39,PLN
2025-01-11 20:27:15.303136,POMORSKIE,2002,2175.63,PLN
2025-01-11 20:27:15.303136,WARMIŃSKO-MAZURSKIE,2002,1947.99,PLN
2025-01-11 20:27:15.303136,ŁÓDZKIE,2002,1966.22,PLN
2025-01-11 20:27:15.303136,ŚWIĘTOKRZYSKIE,2002,1977.75,PLN
2025-01-11 20:27:15.303136,LUBELSKIE,2002,1941.01,PLN
2025-01-11 20:27:15.303136,PODKARPACKIE,2002,1875.41,PLN
2025-01-11 20:27:15.303136,PODLASKIE,2002,1958.0,PLN
2025-01-11 20:27:15.303136,MAZOWIECKIE,2002,2893.83,PLN
2025-01-11 20:27:20.398324,MAŁOPOLSKIE,2003,2109.69,PLN
2025-01-11 20:27:20.398324,ŚLĄSKIE,2003,2380.23,PLN
2025-01-11 20:27:20.398324,LUBUSKIE,2003,1990.13,PLN
2025-01-11 20:27:20.398324,WIELKOPOLSKIE,2003,2129.03,PLN
2025-01-11 20:27:20.398324,ZACHODNIOPOMORSKIE,2003,2134.74,PLN
2025-01-11 20:27:20.398324,DOLNOŚLĄSKIE,2003,2233.58,PLN
2025-01-11 20:27:20.398324,OPOLSKIE,2003,2087.3,PLN
2025-01-11 20:27:20.398324,KUJAWSKO-POMORSKIE,2003,2000.96,PLN
2025-01-11 20:27:20.398324,POMORSKIE,2003,2257.16,PLN
2025-01-11 20:27:20.398324,WARMIŃSKO-MAZURSKIE,2003,2003.28,PLN
2025-01-11 20:27:20.398324,ŁÓDZKIE,2003,2024.32,PLN
2025-01-11 20:27:20.398324,ŚWIĘTOKRZYSKIE,2003,2024.41,PLN
2025-01-11 20:27:20.398324,LUBELSKIE,2003,1995.5,PLN
2025-01-11 20:27:20.398324,PODKARPACKIE,2003,1950.01,PLN
2025-01-11 20:27:20.398324,PODLASKIE,2003,2035.43,PLN
2025-01-11 20:27:20.398324,MAZOWIECKIE,2003,3005.37,PLN
2025-01-11 20:27:25.510867,MAŁOPOLSKIE,2004,2216.21,PLN
2025-01-11 20:27:25.510867,ŚLĄSKIE,2004,2488.62,PLN
2025-01-11 20:27:25.510867,LUBUSKIE,2004,2067.56,PLN
2025-01-11 20:27:25.510867,WIELKOPOLSKIE,2004,2204.31,PLN
2025-01-11 20:27:25.510867,ZACHODNIOPOMORSKIE,2004,2221.63,PLN
2025-01-11 20:27:25.510867,DOLNOŚLĄSKIE,2004,2356.89,PLN
2025-01-11 20:27:25.510867,OPOLSKIE,2004,2183.74,PLN
2025-01-11 20:27:25.510867,KUJAWSKO-POMORSKIE,2004,2087.3,PLN
2025-01-11 20:27:25.510867,POMORSKIE,2004,2374.71,PLN
2025-01-11 20:27:25.510867,WARMIŃSKO-MAZURSKIE,2004,2050.21,PLN
2025-01-11 20:27:25.510867,ŁÓDZKIE,2004,2123.36,PLN
2025-01-11 20:27:25.510867,ŚWIĘTOKRZYSKIE,2004,2117.74,PLN
2025-01-11 20:27:25.510867,LUBELSKIE,2004,2096.15,PLN
2025-01-11 20:27:25.510867,PODKARPACKIE,2004,2018.59,PLN
2025-01-11 20:27:25.510867,PODLASKIE,2004,2107.5,PLN
2025-01-11 20:27:25.510867,MAZOWIECKIE,2004,3095.96,PLN
2025-01-11 20:27:30.604393,MAŁOPOLSKIE,2005,2303.42,PLN
2025-01-11 20:27:30.604393,ŚLĄSKIE,2005,2587.07,PLN
2025-01-11 20:27:30.604393,LUBUSKIE,2005,2144.35,PLN
2025-01-11 20:27:30.604393,WIELKOPOLSKIE,2005,2263.6,PLN
2025-01-11 20:27:30.604393,ZACHODNIOPOMORSKIE,2005,2307.99,PLN
2025-01-11 20:27:30.604393,DOLNOŚLĄSKIE,2005,2477.56,PLN
2025-01-11 20:27:30.604393,OPOLSKIE,2005,2249.89,PLN
2025-01-11 20:27:30.604393,KUJAWSKO-POMORSKIE,2005,2153.46,PLN
2025-01-11 20:27:30.604393,POMORSKIE,2005,2511.25,PLN
2025-01-11 20:27:30.604393,WARMIŃSKO-MAZURSKIE,2005,2103.99,PLN
2025-01-11 20:27:30.604393,ŁÓDZKIE,2005,2188.15,PLN
2025-01-11 20:27:30.604393,ŚWIĘTOKRZYSKIE,2005,2173.15,PLN
2025-01-11 20:27:30.604393,LUBELSKIE,2005,2180.18,PLN
2025-01-11 20:27:30.604393,PODKARPACKIE,2005,2081.76,PLN
2025-01-11 20:27:30.604393,PODLASKIE,2005,2192.77,PLN
2025-01-11 20:27:30.604393,MAZOWIECKIE,2005,3227.04,PLN
2025-01-11 20:32:09.808898,MAŁOPOLSKIE,2006,2443.91,PLN
2025-01-11 20:32:09.808898,ŚLĄSKIE,2006,2729.63,PLN
2025-01-11 20:32:09.808898,LUBUSKIE,2006,2235.01,PLN
2025-01-11 20:32:09.808898,WIELKOPOLSKIE,2006,2389.0,PLN
2025-01-11 20:32:09.808898,ZACHODNIOPOMORSKIE,2006,2406.98,PLN
2025-01-11 20:32:09.808898,DOLNOŚLĄSKIE,2006,2617.16,PLN
2025-01-11 20:32:09.808898,OPOLSKIE,2006,2367.74,PLN
2025-01-11 20:32:09.808898,KUJAWSKO-POMORSKIE,2006,2268.87,PLN
2025-01-11 20:32:09.808898,POMORSKIE,2006,2650.2,PLN
2025-01-11 20:32:09.808898,WARMIŃSKO-MAZURSKIE,2006,2218.32,PLN
2025-01-11 20:32:09.808898,ŁÓDZKIE,2006,2287.9,PLN
2025-01-11 20:32:09.808898,ŚWIĘTOKRZYSKIE,2006,2263.6,PLN
2025-01-11 20:32:09.808898,LUBELSKIE,2006,2290.6,PLN
2025-01-11 20:32:09.808898,PODKARPACKIE,2006,2179.57,PLN
2025-01-11 20:32:09.808898,PODLASKIE,2006,2307.59,PLN
2025-01-11 20:32:09.808898,MAZOWIECKIE,2006,3381.13,PLN
2025-01-11 20:32:15.013936,MAŁOPOLSKIE,2007,2666.24,PLN
2025-01-11 20:32:15.013936,ŚLĄSKIE,2007,2933.32,PLN
2025-01-11 20:32:15.013936,LUBUSKIE,2007,2429.97,PLN
2025-01-11 20:32:15.013936,WIELKOPOLSKIE,2007,2610.82,PLN
2025-01-11 20:32:15.013936,ZACHODNIOPOMORSKIE,2007,2615.83,PLN
2025-01-11 20:32:15.013936,DOLNOŚLĄSKIE,2007,2860.66,PLN
2025-01-11 20:32:15.013936,OPOLSKIE,2007,2607.45,PLN
2025-01-11 20:32:15.013936,KUJAWSKO-POMORSKIE,2007,2443.17,PLN
2025-01-11 20:32:15.013936,POMORSKIE,2007,2882.56,PLN
2025-01-11 20:32:15.013936,WARMIŃSKO-MAZURSKIE,2007,2398.0,PLN
2025-01-11 20:32:15.013936,ŁÓDZKIE,2007,2470.86,PLN
2025-01-11 20:32:15.013936,ŚWIĘTOKRZYSKIE,2007,2467.07,PLN
2025-01-11 20:32:15.013936,LUBELSKIE,2007,2486.22,PLN
2025-01-11 20:32:15.013936,PODKARPACKIE,2007,2372.82,PLN
2025-01-11 20:32:15.013936,PODLASKIE,2007,2524.95,PLN
2025-01-11 20:32:15.013936,MAZOWIECKIE,2007,3670.84,PLN
2025-01-11 20:32:20.254468,MAŁOPOLSKIE,2008,2903.63,PLN
2025-01-11 20:32:20.254468,ŚLĄSKIE,2008,3239.09,PLN
2025-01-11 20:32:20.254468,LUBUSKIE,2008,2653.55,PLN
2025-01-11 20:32:20.254468,WIELKOPOLSKIE,2008,2868.81,PLN
2025-01-11 20:32:20.255974,ZACHODNIOPOMORSKIE,2008,2881.0,PLN
2025-01-11 20:32:20.255974,DOLNOŚLĄSKIE,2008,3135.83,PLN
2025-01-11 20:32:20.255974,OPOLSKIE,2008,2873.22,PLN
2025-01-11 20:32:20.255974,KUJAWSKO-POMORSKIE,2008,2691.69,PLN
2025-01-11 20:32:20.255974,POMORSKIE,2008,3167.7,PLN
2025-01-11 20:32:20.255974,WARMIŃSKO-MAZURSKIE,2008,2615.33,PLN
2025-01-11 20:32:20.255974,ŁÓDZKIE,2008,2740.58,PLN
2025-01-11 20:32:20.255974,ŚWIĘTOKRZYSKIE,2008,2745.39,PLN
2025-01-11 20:32:20.255974,LUBELSKIE,2008,2771.99,PLN
2025-01-11 20:32:20.255974,PODKARPACKIE,2008,2614.12,PLN
2025-01-11 20:32:20.255974,PODLASKIE,2008,2781.21,PLN
2025-01-11 20:32:20.255974,MAZOWIECKIE,2008,4036.26,PLN
2025-01-11 20:32:25.586373,MAŁOPOLSKIE,2009,3057.71,PLN
2025-01-11 20:32:25.586373,ŚLĄSKIE,2009,3405.18,PLN
2025-01-11 20:32:25.586373,LUBUSKIE,2009,2802.77,PLN
2025-01-11 20:32:25.586373,WIELKOPOLSKIE,2009,2976.28,PLN
2025-01-11 20:32:25.586373,ZACHODNIOPOMORSKIE,2009,3021.51,PLN
2025-01-11 20:32:25.586373,DOLNOŚLĄSKIE,2009,3295.44,PLN
2025-01-11 20:32:25.586373,OPOLSKIE,2009,2987.87,PLN
2025-01-11 20:32:25.586373,KUJAWSKO-POMORSKIE,2009,2810.97,PLN
2025-01-11 20:32:25.586373,POMORSKIE,2009,3320.06,PLN
2025-01-11 20:32:25.586373,WARMIŃSKO-MAZURSKIE,2009,2752.41,PLN
2025-01-11 20:32:25.586373,ŁÓDZKIE,2009,2884.6,PLN
2025-01-11 20:32:25.586373,ŚWIĘTOKRZYSKIE,2009,2868.09,PLN
2025-01-11 20:32:25.586373,LUBELSKIE,2009,2891.3,PLN
2025-01-11 20:32:25.586373,PODKARPACKIE,2009,2740.89,PLN
2025-01-11 20:32:25.586373,PODLASKIE,2009,2884.68,PLN
2025-01-11 20:32:25.586373,MAZOWIECKIE,2009,4179.63,PLN
2025-01-11 20:32:30.813150,MAŁOPOLSKIE,2010,3169.9,PLN
2025-01-11 20:32:30.813150,ŚLĄSKIE,2010,3528.19,PLN
2025-01-11 20:32:30.813150,LUBUSKIE,2010,2920.43,PLN
2025-01-11 20:32:30.813150,WIELKOPOLSKIE,2010,3126.36,PLN
2025-01-11 20:32:30.813150,ZACHODNIOPOMORSKIE,2010,3120.15,PLN
2025-01-11 20:32:30.813150,DOLNOŚLĄSKIE,2010,3412.37,PLN
2025-01-11 20:32:30.813150,OPOLSKIE,2010,3137.29,PLN
2025-01-11 20:32:30.813150,KUJAWSKO-POMORSKIE,2010,2910.82,PLN
2025-01-11 20:32:30.813150,POMORSKIE,2010,3383.58,PLN
2025-01-11 20:32:30.813150,WARMIŃSKO-MAZURSKIE,2010,2879.97,PLN
2025-01-11 20:32:30.813150,ŁÓDZKIE,2010,3066.02,PLN
2025-01-11 20:32:30.813150,ŚWIĘTOKRZYSKIE,2010,2971.58,PLN
2025-01-11 20:32:30.813150,LUBELSKIE,2010,3099.6,PLN
2025-01-11 20:32:30.813150,PODKARPACKIE,2010,2877.43,PLN
2025-01-11 20:32:30.813150,PODLASKIE,2010,3019.83,PLN
2025-01-11 20:32:30.813150,MAZOWIECKIE,2010,4279.55,PLN
2025-01-11 20:32:36.084724,MAŁOPOLSKIE,2011,3332.98,PLN
2025-01-11 20:32:36.084724,ŚLĄSKIE,2011,3794.62,PLN
2025-01-11 20:32:36.084724,LUBUSKIE,2011,3073.95,PLN
2025-01-11 20:32:36.084724,WIELKOPOLSKIE,2011,3284.41,PLN
2025-01-11 20:32:36.084724,ZACHODNIOPOMORSKIE,2011,3289.56,PLN
2025-01-11 20:32:36.084724,DOLNOŚLĄSKIE,2011,3587.25,PLN
2025-01-11 20:32:36.084724,OPOLSKIE,2011,3249.58,PLN
2025-01-11 20:32:36.084724,KUJAWSKO-POMORSKIE,2011,3062.32,PLN
2025-01-11 20:32:36.084724,POMORSKIE,2011,3567.49,PLN
2025-01-11 20:32:36.084724,WARMIŃSKO-MAZURSKIE,2011,3019.37,PLN
2025-01-11 20:32:36.084724,ŁÓDZKIE,2011,3245.97,PLN
2025-01-11 20:32:36.084724,ŚWIĘTOKRZYSKIE,2011,3137.91,PLN
2025-01-11 20:32:36.084724,LUBELSKIE,2011,3257.14,PLN
2025-01-11 20:32:36.084724,PODKARPACKIE,2011,3023.21,PLN
2025-01-11 20:32:36.084724,PODLASKIE,2011,3178.15,PLN
2025-01-11 20:32:36.084724,MAZOWIECKIE,2011,4504.66,PLN
2025-01-11 20:32:41.459147,MAŁOPOLSKIE,2012,3456.16,PLN
2025-01-11 20:32:41.459147,ŚLĄSKIE,2012,3855.26,PLN
2025-01-11 20:32:41.459147,LUBUSKIE,2012,3203.18,PLN
2025-01-11 20:32:41.459147,WIELKOPOLSKIE,2012,3397.25,PLN
2025-01-11 20:32:41.459147,ZACHODNIOPOMORSKIE,2012,3417.76,PLN
2025-01-11 20:32:41.459147,DOLNOŚLĄSKIE,2012,3709.32,PLN
2025-01-11 20:32:41.459147,OPOLSKIE,2012,3358.42,PLN
2025-01-11 20:32:41.459147,KUJAWSKO-POMORSKIE,2012,3182.31,PLN
2025-01-11 20:32:41.459147,POMORSKIE,2012,3696.89,PLN
2025-01-11 20:32:41.459147,WARMIŃSKO-MAZURSKIE,2012,3150.27,PLN
2025-01-11 20:32:41.459147,ŁÓDZKIE,2012,3383.3,PLN
2025-01-11 20:32:41.459147,ŚWIĘTOKRZYSKIE,2012,3250.94,PLN
2025-01-11 20:32:41.459147,LUBELSKIE,2012,3382.66,PLN
2025-01-11 20:32:41.459147,PODKARPACKIE,2012,3152.36,PLN
2025-01-11 20:32:41.459147,PODLASKIE,2012,3310.71,PLN
2025-01-11 20:32:41.459147,MAZOWIECKIE,2012,4637.58,PLN
2025-01-11 20:32:46.828993,MAŁOPOLSKIE,2013,3574.22,PLN
2025-01-11 20:32:46.828993,ŚLĄSKIE,2013,4022.8,PLN
2025-01-11 20:32:46.828993,LUBUSKIE,2013,3282.07,PLN
2025-01-11 20:32:46.828993,WIELKOPOLSKIE,2013,3515.31,PLN
2025-01-11 20:32:46.828993,ZACHODNIOPOMORSKIE,2013,3539.12,PLN
2025-01-11 20:32:46.828993,DOLNOŚLĄSKIE,2013,3868.86,PLN
2025-01-11 20:32:46.828993,OPOLSKIE,2013,3473.4,PLN
2025-01-11 20:32:46.828993,KUJAWSKO-POMORSKIE,2013,3322.09,PLN
2025-01-11 20:32:46.828993,POMORSKIE,2013,3847.12,PLN
2025-01-11 20:32:46.828993,WARMIŃSKO-MAZURSKIE,2013,3264.63,PLN
2025-01-11 20:32:46.828993,ŁÓDZKIE,2013,3510.2,PLN
2025-01-11 20:32:46.828993,ŚWIĘTOKRZYSKIE,2013,3349.81,PLN
2025-01-11 20:32:46.828993,LUBELSKIE,2013,3488.61,PLN
2025-01-11 20:32:46.828993,PODKARPACKIE,2013,3282.69,PLN
2025-01-11 20:32:46.828993,PODLASKIE,2013,3432.71,PLN
2025-01-11 20:32:46.828993,MAZOWIECKIE,2013,4773.41,PLN
2025-01-11 20:32:52.183580,MAŁOPOLSKIE,2014,3700.06,PLN
2025-01-11 20:32:52.183580,ŚLĄSKIE,2014,4100.51,PLN
2025-01-11 20:32:52.183580,LUBUSKIE,2014,3425.38,PLN
2025-01-11 20:32:52.183580,WIELKOPOLSKIE,2014,3597.69,PLN
2025-01-11 20:32:52.183580,ZACHODNIOPOMORSKIE,2014,3649.27,PLN
2025-01-11 20:32:52.183580,DOLNOŚLĄSKIE,2014,4042.86,PLN
2025-01-11 20:32:52.183580,OPOLSKIE,2014,3632.84,PLN
2025-01-11 20:32:52.183580,KUJAWSKO-POMORSKIE,2014,3439.06,PLN
2025-01-11 20:32:52.183580,POMORSKIE,2014,4011.59,PLN
2025-01-11 20:32:52.183580,WARMIŃSKO-MAZURSKIE,2014,3386.96,PLN
2025-01-11 20:32:52.183580,ŁÓDZKIE,2014,3618.63,PLN
2025-01-11 20:32:52.183580,ŚWIĘTOKRZYSKIE,2014,3435.93,PLN
2025-01-11 20:32:52.183580,LUBELSKIE,2014,3605.03,PLN
2025-01-11 20:32:52.183580,PODKARPACKIE,2014,3412.3,PLN
2025-01-11 20:32:52.183580,PODLASKIE,2014,3530.17,PLN
2025-01-11 20:32:52.183580,MAZOWIECKIE,2014,4927.34,PLN
2025-01-11 20:32:57.442647,MAŁOPOLSKIE,2015,3906.96,PLN
2025-01-11 20:32:57.442647,ŚLĄSKIE,2015,4221.45,PLN
2025-01-11 20:32:57.442647,LUBUSKIE,2015,3567.6,PLN
2025-01-11 20:32:57.442647,WIELKOPOLSKIE,2015,3723.69,PLN
2025-01-11 20:32:57.442647,ZACHODNIOPOMORSKIE,2015,3793.68,PLN
2025-01-11 20:32:57.442647,DOLNOŚLĄSKIE,2015,4204.24,PLN
2025-01-11 20:32:57.442647,OPOLSKIE,2015,3793.28,PLN
2025-01-11 20:32:57.442647,KUJAWSKO-POMORSKIE,2015,3540.25,PLN
2025-01-11 20:32:57.442647,POMORSKIE,2015,4132.13,PLN
2025-01-11 20:32:57.442647,WARMIŃSKO-MAZURSKIE,2015,3495.02,PLN
2025-01-11 20:32:57.442647,ŁÓDZKIE,2015,3790.76,PLN
2025-01-11 20:32:57.442647,ŚWIĘTOKRZYSKIE,2015,3580.62,PLN
2025-01-11 20:32:57.442647,LUBELSKIE,2015,3699.48,PLN
2025-01-11 20:32:57.442647,PODKARPACKIE,2015,3527.62,PLN
2025-01-11 20:32:57.442647,PODLASKIE,2015,3647.08,PLN
2025-01-11 20:32:57.442647,MAZOWIECKIE,2015,5098.55,PLN
2025-01-11 20:33:03.131822,MAŁOPOLSKIE,2016,4077.91,PLN
2025-01-11 20:33:03.131822,ŚLĄSKIE,2016,4295.29,PLN
2025-01-11 20:33:03.131822,LUBUSKIE,2016,3734.9,PLN
2025-01-11 20:33:03.131822,WIELKOPOLSKIE,2016,3894.1,PLN
2025-01-11 20:33:03.131822,ZACHODNIOPOMORSKIE,2016,3946.28,PLN
2025-01-11 20:33:03.131822,DOLNOŚLĄSKIE,2016,4385.84,PLN
2025-01-11 20:33:03.131822,OPOLSKIE,2016,3927.04,PLN
2025-01-11 20:33:03.131822,KUJAWSKO-POMORSKIE,2016,3672.98,PLN
2025-01-11 20:33:03.131822,POMORSKIE,2016,4274.73,PLN
2025-01-11 20:33:03.131822,WARMIŃSKO-MAZURSKIE,2016,3619.16,PLN
2025-01-11 20:33:03.131822,ŁÓDZKIE,2016,3925.1,PLN
2025-01-11 20:33:03.131822,ŚWIĘTOKRZYSKIE,2016,3669.57,PLN
2025-01-11 20:33:03.131822,LUBELSKIE,2016,3815.95,PLN
2025-01-11 20:33:03.131822,PODKARPACKIE,2016,3653.67,PLN
2025-01-11 20:33:03.131822,PODLASKIE,2016,3767.2,PLN
2025-01-11 20:33:03.131822,MAZOWIECKIE,2016,5240.86,PLN
2025-01-11 20:33:08.387114,MAŁOPOLSKIE,2017,4347.1,PLN
2025-01-11 20:33:08.387114,ŚLĄSKIE,2017,4481.57,PLN
2025-01-11 20:33:08.387114,LUBUSKIE,2017,3950.95,PLN
2025-01-11 20:33:08.387114,WIELKOPOLSKIE,2017,4124.13,PLN
2025-01-11 20:33:08.387114,ZACHODNIOPOMORSKIE,2017,4154.25,PLN
2025-01-11 20:33:08.387114,DOLNOŚLĄSKIE,2017,4654.51,PLN
2025-01-11 20:33:08.387114,OPOLSKIE,2017,4144.91,PLN
2025-01-11 20:33:08.387114,KUJAWSKO-POMORSKIE,2017,3886.2,PLN
2025-01-11 20:33:08.387114,POMORSKIE,2017,4496.64,PLN
2025-01-11 20:33:08.387114,WARMIŃSKO-MAZURSKIE,2017,3802.98,PLN
2025-01-11 20:33:08.387114,ŁÓDZKIE,2017,4141.94,PLN
2025-01-11 20:33:08.387114,ŚWIĘTOKRZYSKIE,2017,3911.49,PLN
2025-01-11 20:33:08.387114,LUBELSKIE,2017,4020.25,PLN
2025-01-11 20:33:08.387114,PODKARPACKIE,2017,3837.17,PLN
2025-01-11 20:33:08.387114,PODLASKIE,2017,4005.94,PLN
2025-01-11 20:33:08.387114,MAZOWIECKIE,2017,5523.65,PLN
2025-01-11 20:33:13.678251,MAŁOPOLSKIE,2018,4678.95,PLN
2025-01-11 20:33:13.678251,ŚLĄSKIE,2018,4825.28,PLN
2025-01-11 20:33:13.678251,LUBUSKIE,2018,4239.92,PLN
2025-01-11 20:33:13.678251,WIELKOPOLSKIE,2018,4382.96,PLN
2025-01-11 20:33:13.678251,ZACHODNIOPOMORSKIE,2018,4431.95,PLN
2025-01-11 20:33:13.678251,DOLNOŚLĄSKIE,2018,4942.39,PLN
2025-01-11 20:33:13.678251,OPOLSKIE,2018,4379.25,PLN
2025-01-11 20:33:13.678251,KUJAWSKO-POMORSKIE,2018,4139.21,PLN
2025-01-11 20:33:13.678251,POMORSKIE,2018,4794.74,PLN
2025-01-11 20:33:13.678251,WARMIŃSKO-MAZURSKIE,2018,4028.33,PLN
2025-01-11 20:33:13.678251,ŁÓDZKIE,2018,4441.29,PLN
2025-01-11 20:33:13.678251,ŚWIĘTOKRZYSKIE,2018,4171.17,PLN
2025-01-11 20:33:13.678251,LUBELSKIE,2018,4260.71,PLN
2025-01-11 20:33:13.678251,PODKARPACKIE,2018,4089.81,PLN
2025-01-11 20:33:13.678251,PODLASKIE,2018,4264.04,PLN
2025-01-11 20:33:13.678251,MAZOWIECKIE,2018,5888.9,PLN
2025-01-11 20:33:18.936925,MAŁOPOLSKIE,2019,5098.26,PLN
2025-01-11 20:33:18.936925,ŚLĄSKIE,2019,5177.86,PLN
2025-01-11 20:33:18.936925,LUBUSKIE,2019,4559.96,PLN
2025-01-11 20:33:18.936925,WIELKOPOLSKIE,2019,4687.39,PLN
2025-01-11 20:33:18.936925,ZACHODNIOPOMORSKIE,2019,4769.71,PLN
2025-01-11 20:33:18.936925,DOLNOŚLĄSKIE,2019,5323.55,PLN
2025-01-11 20:33:18.936925,OPOLSKIE,2019,4712.47,PLN
2025-01-11 20:33:18.936925,KUJAWSKO-POMORSKIE,2019,4494.37,PLN
2025-01-11 20:33:18.936925,POMORSKIE,2019,5142.01,PLN
2025-01-11 20:33:18.936925,WARMIŃSKO-MAZURSKIE,2019,4319.51,PLN
2025-01-11 20:33:18.936925,ŁÓDZKIE,2019,4790.1,PLN
2025-01-11 20:33:18.936925,ŚWIĘTOKRZYSKIE,2019,4490.41,PLN
2025-01-11 20:33:18.936925,LUBELSKIE,2019,4564.85,PLN
2025-01-11 20:33:18.936925,PODKARPACKIE,2019,4388.16,PLN
2025-01-11 20:33:18.936925,PODLASKIE,2019,4575.88,PLN
2025-01-11 20:33:18.936925,MAZOWIECKIE,2019,6248.47,PLN
2025-01-11 20:33:24.217564,MAŁOPOLSKIE,2020,5536.07,PLN
2025-01-11 20:33:24.217564,ŚLĄSKIE,2020,5450.86,PLN
2025-01-11 20:33:24.217564,LUBUSKIE,2020,4832.07,PLN
2025-01-11 20:33:24.217564,WIELKOPOLSKIE,2020,4985.75,PLN
2025-01-11 20:33:24.217564,ZACHODNIOPOMORSKIE,2020,5099.49,PLN
2025-01-11 20:33:24.217564,DOLNOŚLĄSKIE,2020,5693.69,PLN
2025-01-11 20:33:24.217564,OPOLSKIE,2020,5078.51,PLN
2025-01-11 20:33:24.217564,KUJAWSKO-POMORSKIE,2020,4831.73,PLN
2025-01-11 20:33:24.217564,POMORSKIE,2020,5484.46,PLN
2025-01-11 20:33:24.217564,WARMIŃSKO-MAZURSKIE,2020,4709.12,PLN
2025-01-11 20:33:24.217564,ŁÓDZKIE,2020,5148.38,PLN
2025-01-11 20:33:24.217564,ŚWIĘTOKRZYSKIE,2020,4800.21,PLN
2025-01-11 20:33:24.217564,LUBELSKIE,2020,4914.95,PLN
2025-01-11 20:33:24.217564,PODKARPACKIE,2020,4707.81,PLN
2025-01-11 20:33:24.217564,PODLASKIE,2020,4929.64,PLN
2025-01-11 20:33:24.217564,MAZOWIECKIE,2020,6581.81,PLN
2025-01-11 20:33:29.358505,MAŁOPOLSKIE,2021,6046.95,PLN
2025-01-11 20:33:29.358505,ŚLĄSKIE,2021,5907.84,PLN
2025-01-11 20:33:29.358505,LUBUSKIE,2021,5286.5,PLN
2025-01-11 20:33:29.358505,WIELKOPOLSKIE,2021,5379.43,PLN
2025-01-11 20:33:29.358505,ZACHODNIOPOMORSKIE,2021,5549.85,PLN
2025-01-11 20:33:29.358505,DOLNOŚLĄSKIE,2021,6242.88,PLN
2025-01-11 20:33:29.358505,OPOLSKIE,2021,5492.82,PLN
2025-01-11 20:33:29.358505,KUJAWSKO-POMORSKIE,2021,5286.83,PLN
2025-01-11 20:33:29.358505,POMORSKIE,2021,5994.33,PLN
2025-01-11 20:33:29.358505,WARMIŃSKO-MAZURSKIE,2021,5126.75,PLN
2025-01-11 20:33:29.358505,ŁÓDZKIE,2021,5622.29,PLN
2025-01-11 20:33:29.358505,ŚWIĘTOKRZYSKIE,2021,5262.19,PLN
2025-01-11 20:33:29.358505,LUBELSKIE,2021,5318.68,PLN
2025-01-11 20:33:29.358505,PODKARPACKIE,2021,5172.11,PLN
2025-01-11 20:33:29.358505,PODLASKIE,2021,5412.89,PLN
2025-01-11 20:33:29.358505,MAZOWIECKIE,2021,7108.2,PLN
2025-01-11 20:33:34.531590,MAŁOPOLSKIE,2022,6824.68,PLN
2025-01-11 20:33:34.531590,ŚLĄSKIE,2022,6727.57,PLN
2025-01-11 20:33:34.531590,LUBUSKIE,2022,6014.38,PLN
2025-01-11 20:33:34.531590,WIELKOPOLSKIE,2022,6019.68,PLN
2025-01-11 20:33:34.531590,ZACHODNIOPOMORSKIE,2022,6169.94,PLN
2025-01-11 20:33:34.531590,DOLNOŚLĄSKIE,2022,6945.01,PLN
2025-01-11 20:33:34.531590,OPOLSKIE,2022,6134.18,PLN
2025-01-11 20:33:34.531590,KUJAWSKO-POMORSKIE,2022,5888.55,PLN
2025-01-11 20:33:34.531590,POMORSKIE,2022,6696.84,PLN
2025-01-11 20:33:34.531590,WARMIŃSKO-MAZURSKIE,2022,5674.89,PLN
2025-01-11 20:33:34.531590,ŁÓDZKIE,2022,6210.68,PLN
2025-01-11 20:33:34.531590,ŚWIĘTOKRZYSKIE,2022,5782.6,PLN
2025-01-11 20:33:34.531590,LUBELSKIE,2022,5909.6,PLN
2025-01-11 20:33:34.531590,PODKARPACKIE,2022,5662.53,PLN
2025-01-11 20:33:34.531590,PODLASKIE,2022,6012.94,PLN
2025-01-11 20:33:34.531590,MAZOWIECKIE,2022,7913.14,PLN
2025-01-11 20:33:39.840252,MAŁOPOLSKIE,2023,7736.56,PLN
2025-01-11 20:33:39.840252,ŚLĄSKIE,2023,7611.38,PLN
2025-01-11 20:33:39.840252,LUBUSKIE,2023,6882.46,PLN
2025-01-11 20:33:39.840252,WIELKOPOLSKIE,2023,6772.06,PLN
2025-01-11 20:33:39.840252,ZACHODNIOPOMORSKIE,2023,7007.4,PLN
2025-01-11 20:33:39.840252,DOLNOŚLĄSKIE,2023,7850.3,PLN
2025-01-11 20:33:39.840252,OPOLSKIE,2023,6975.81,PLN
2025-01-11 20:33:39.840252,KUJAWSKO-POMORSKIE,2023,6721.48,PLN
2025-01-11 20:33:39.840252,POMORSKIE,2023,7550.99,PLN
2025-01-11 20:33:39.840252,WARMIŃSKO-MAZURSKIE,2023,6447.09,PLN
2025-01-11 20:33:39.840252,ŁÓDZKIE,2023,7052.93,PLN
2025-01-11 20:33:39.840252,ŚWIĘTOKRZYSKIE,2023,6585.16,PLN
2025-01-11 20:33:39.840252,LUBELSKIE,2023,6774.52,PLN
2025-01-11 20:33:39.840252,PODKARPACKIE,2023,6436.15,PLN
2025-01-11 20:33:39.840252,PODLASKIE,2023,6805.04,PLN
2025-01-11 20:33:39.840252,MAZOWIECKIE,2023,8928.6,PLN
